,FIPS,Voting Age Fraction
0,0,0.7597326669705587
1,1000,0.7630708055842415
2,1001,0.7322204101079328
3,1003,0.7701259155625051
4,1005,0.7809301817387188
5,1007,0.7730307658738818
6,1009,0.7539164718607166
7,1011,0.777350192413414
8,1013,0.7586289206091564
9,1015,0.7712276085416456
10,1017,0.7748648253689903
11,1019,0.7858324675824387
12,1021,0.7488715257887862
13,1023,0.7733602713038459
14,1025,0.7526806797507065
15,1027,0.7743324720068906
16,1029,0.7628239380176329
17,1031,0.7580683911267718
18,1033,0.7789005658852062
19,1035,0.7700332627759299
20,1037,0.7946095848860386
21,1039,0.7743148417847213
22,1041,0.7621170717675824
23,1043,0.7681640673581573
24,1045,0.7517064337028119
25,1047,0.7353947968963943
26,1049,0.7417204573260768
27,1051,0.7641072847181065
28,1053,0.7735066155171064
29,1055,0.7703150435698554
30,1057,0.7774491038802853
31,1059,0.751860963916225
32,1061,0.7763717805151176
33,1063,0.7574350469872858
34,1065,0.7515862944162437
35,1067,0.7735521904982083
36,1069,0.7545373078475976
37,1071,0.7748323219418716
38,1073,0.7653212162814784
39,1075,0.7784262565229333
40,1077,0.7844653701366642
41,1079,0.7680771134861236
42,1081,0.774747409926772
43,1083,0.7601048537121596
44,1085,0.7582086910346049
45,1087,0.793958605258251
46,1089,0.7625824719020582
47,1091,0.7531269320397584
48,1093,0.783435144268261
49,1095,0.7499543104097013
50,1097,0.7491936889818689
51,1099,0.7467920929426045
52,1101,0.7551174339365984
53,1103,0.7604485731023517
54,1105,0.7589462751392692
55,1107,0.766990782943381
56,1109,0.7968935225994711
57,1111,0.7611399642124558
58,1113,0.745046933726179
59,1115,0.7628270309714928
60,1117,0.7438962503524105
61,1119,0.7770834847053695
62,1121,0.7656487343694937
63,1123,0.7784746251441753
64,1125,0.7853341278974191
65,1127,0.7745997642600302
66,1129,0.7449519367499005
67,1131,0.7300771208226221
68,1133,0.7835729455971246
69,2000,0.7361731605632533
70,2013,0.8818847500795924
71,2016,0.8534436252472577
72,2020,0.7403041538450995
73,2050,0.6345147828131429
74,2060,0.7743229689067201
75,2068,0.7749178532311063
76,2070,0.6709304724571901
77,2090,0.7437923366229081
78,2100,0.80103668261563
79,2105,0.8027906976744186
80,2110,0.765435651478817
81,2122,0.7633393501805054
82,2130,0.7605550196631298
83,2150,0.7135079458505003
84,2164,0.6983445738810545
85,2170,0.7110062363054104
86,2180,0.6566582385166456
87,2185,0.7612937433722163
88,2188,0.6470822810049183
89,2195,0.7664482306684142
90,2198,0.7438388199316424
91,2220,0.7646661412003153
92,2230,0.8429752066115702
93,2240,0.7369469341300328
94,2261,0.7563304275633043
95,2270,0.5842606247486258
96,2275,0.780498100464331
97,2282,0.7552870090634441
98,2290,0.7222619899785254
99,4000,0.7451486752929475
100,4001,0.6831566878268408
101,4003,0.7696922631827388
102,4005,0.7635190929988618
103,4007,0.7859768270612161
104,4009,0.7158785599140247
105,4011,0.7080715894275217
106,4012,0.8204890429010688
107,4013,0.7359627698076847
108,4015,0.7938667039653122
109,4017,0.7024355740863107
110,4019,0.770147399218373
111,4021,0.7346781275780397
112,4023,0.6929565584141713
113,4025,0.809181502419053
114,4027,0.7180857313628027
115,5000,0.7560030837629865
116,5001,0.7673379252326621
117,5003,0.7560975609756098
118,5005,0.8191891696576976
119,5007,0.7205734190540303
120,5009,0.767363087011896
121,5011,0.7670316301703163
122,5013,0.7947093889716841
123,5015,0.7747212708591416
124,5017,0.7691525423728813
125,5019,0.8051750380517504
126,5021,0.7767829385064975
127,5023,0.8012321909896034
128,5025,0.7524456208999885
129,5027,0.772157054415119
130,5029,0.7581441263573544
131,5031,0.7496863432286428
132,5033,0.7360689610641183
133,5035,0.709068405956544
134,5037,0.7485170677112479
135,5039,0.7642927550517497
136,5041,0.740390528905289
137,5043,0.7643848938354314
138,5045,0.7550094050531186
139,5047,0.7555310344827586
140,5049,0.7878317680685994
141,5051,0.7907502291093893
142,5053,0.7583039265109506
143,5055,0.7483962936564504
144,5057,0.7400150382591003
145,5059,0.7665461835191204
146,5061,0.7372543331641164
147,5063,0.7600895025513684
148,5065,0.8083382009345794
149,5067,0.7925209757181753
150,5069,0.762019758507135
151,5071,0.7521926389976508
152,5073,0.7676913015042511
153,5075,0.7707723227103072
154,5077,0.7927858787413661
155,5079,0.8059289656148295
156,5081,0.7618252220788095
157,5083,0.7543506464456673
158,5085,0.7245157703786061
159,5087,0.7581599541897308
160,5089,0.8208731159550832
161,5091,0.7572822235516083
162,5093,0.7180722891566265
163,5095,0.7742054239784023
164,5097,0.7893960156002952
165,5099,0.7631432699788818
166,5101,0.7915966386554621
167,5103,0.764739663093415
168,5105,0.7700335088559119
169,5107,0.7190329549110631
170,5109,0.7531662385971127
171,5111,0.7575967131757719
172,5113,0.7618333172006582
173,5115,0.7693914564238754
174,5117,0.7845094664371772
175,5119,0.7591496232508074
176,5121,0.7678780121320051
177,5123,0.7637129308514403
178,5125,0.7559793872178345
179,5127,0.7433454998664649
180,5129,0.7956070774862721
181,5131,0.746453111082835
182,5133,0.7045374604291241
183,5135,0.7846964782205746
184,5137,0.793851863805067
185,5139,0.7583755613727515
186,5141,0.7954900260190807
187,5143,0.7464654174771624
188,5145,0.760846437282682
189,5147,0.7696969696969697
190,5149,0.7371647509578544
191,6000,0.7504952225744831
192,6001,0.7744636558604383
193,6003,0.7821276595744681
194,6005,0.8321650783649681
195,6007,0.7901454545454546
196,6009,0.8037869147395673
197,6011,0.7007329940706849
198,6013,0.7516694073067849
199,6015,0.7854596295001748
200,6017,0.7725866849296911
201,6019,0.7017496910097265
202,6021,0.720325723632743
203,6023,0.7989868001753043
204,6025,0.707221763843051
205,6027,0.7897120672921385
206,6029,0.6973896866599733
207,6031,0.7218757762351127
208,6033,0.7885718704090312
209,6035,0.8196589769307924
210,6037,0.755341211913505
211,6039,0.7159778610015577
212,6041,0.7931373287006406
213,6043,0.8223658977590269
214,6045,0.7784519757288738
215,6047,0.6845183410022948
216,6049,0.7807144332025604
217,6051,0.7902408111533586
218,6053,0.7325355312643805
219,6055,0.769306292312652
220,6057,0.8065489449597019
221,6059,0.7552816527098244
222,6061,0.7558060109289617
223,6063,0.8200129954515919
224,6065,0.7167992378659332
225,6067,0.7441104661161498
226,6069,0.7093126345691074
227,6071,0.7078493128473229
228,6073,0.766043692511872
229,6075,0.8664687948238713
230,6077,0.7071031043066893
231,6079,0.8114465002948409
232,6081,0.7776160099992901
233,6083,0.7686997959400323
234,6085,0.7589049876462275
235,6087,0.7887888650898308
236,6089,0.7762592891441856
237,6091,0.8296296296296296
238,6093,0.7923162583518931
239,6095,0.7543571456220485
240,6097,0.7799631312024932
241,6099,0.7139524893430498
242,6101,0.7243737927103455
243,6103,0.7453634401147126
244,6105,0.8172058610184245
245,6107,0.674059600297617
246,6109,0.8251241759234174
247,6111,0.7426085667992197
248,6113,0.7728094239951406
249,6115,0.7090984685745964
250,8000,0.7563012059979368
251,8001,0.7143973206703759
252,8003,0.7521528002589835
253,8005,0.7424419102697014
254,8007,0.8007282356835485
255,8009,0.7851108764519535
256,8011,0.8313586705647023
257,8013,0.7869618796402855
258,8014,0.7378374993290272
259,8015,0.8322196642147229
260,8017,0.7549019607843137
261,8019,0.8271346830985915
262,8021,0.7170542635658915
263,8023,0.7911464245175936
264,8025,0.8645028335909325
265,8027,0.8284371327849589
266,8029,0.7786572757818557
267,8031,0.7854464990885733
268,8033,0.7761627906976745
269,8035,0.6951920550680468
270,8037,0.754775178650114
271,8039,0.7464264056137919
272,8041,0.7385735613398193
273,8043,0.824641209636084
274,8045,0.7301601376154924
275,8047,0.8237456349935673
276,8049,0.7966718318399245
277,8051,0.818585225789611
278,8053,0.800711743772242
279,8055,0.8229772016092982
280,8057,0.8134863701578192
281,8059,0.77721156202588
282,8061,0.7753934191702432
283,8063,0.7776299879081016
284,8065,0.7507523939808481
285,8067,0.7952234386566408
286,8069,0.7862129960284351
287,8071,0.7909976139807828
288,8073,0.795134443021767
289,8075,0.7999911929191069
290,8077,0.7647471766526038
291,8079,0.8581460674157303
292,8081,0.7293947082276186
293,8083,0.7650675543371842
294,8085,0.7533918015311561
295,8087,0.7203380801875067
296,8089,0.7525357123891455
297,8091,0.8203336339044184
298,8093,0.8082191780821918
299,8095,0.7474110760918505
300,8097,0.8251108000933054
301,8099,0.7287865508724405
302,8101,0.7553485097099891
303,8103,0.7568256825682568
304,8105,0.7475379736271073
305,8107,0.7911863541622357
306,8109,0.768172888015717
307,8111,0.8168812589413448
308,8113,0.8033700231009648
309,8115,0.8066414459857083
310,8117,0.8255340430092163
311,8119,0.7952890792291221
312,8121,0.7663066057332779
313,8123,0.7215425689706318
314,8125,0.7364333366523947
315,9000,0.7714065958478463
316,9001,0.7523867591448351
317,9003,0.7717675562127663
318,9005,0.7843803145419029
319,9007,0.7881527801250634
320,9009,0.7762560624805067
321,9011,0.7825290543868931
322,9013,0.7977352954660065
323,9015,0.7766913229979396
324,10000,0.7708461869135148
325,10001,0.7512229683938143
326,10003,0.7677179611461171
327,10005,0.7955464252200157
328,11000,0.8324561301462633
329,11001,0.8324561301462633
330,12000,0.7871376515785337
331,12001,0.8209520652068442
332,12003,0.7401069518716578
333,12005,0.78042309241229
334,12007,0.8024193548387096
335,12009,0.8018204705397367
336,12011,0.7761245856849799
337,12013,0.7858461538461539
338,12015,0.8569928365150208
339,12017,0.8414426916650146
340,12019,0.737144054698347
341,12021,0.8051536451853695
342,12023,0.7750218418207934
343,12027,0.7752567265217142
344,12029,0.8085495067592254
345,12031,0.7645230676310336
346,12033,0.7844425255108041
347,12035,0.8010784149807725
348,12037,0.8294224608191185
349,12039,0.7584556683696566
350,12041,0.7856425999173505
351,12043,0.8124029804408569
352,12045,0.8377356111706487
353,12047,0.8031623758362052
354,12049,0.7232339259312682
355,12051,0.7218702095043433
356,12053,0.8023012189051847
357,12055,0.8180713866337336
358,12057,0.760655892407092
359,12059,0.785115672203543
360,12061,0.8119801779349117
361,12063,0.800848309411812
362,12065,0.813833751100874
363,12067,0.7987598647125141
364,12069,0.792154235622046
365,12071,0.8046574244368522
366,12073,0.8040814993084973
367,12075,0.7885100855371192
368,12077,0.7875672444710101
369,12079,0.7821993341656263
370,12081,0.7946833192393591
371,12083,0.8062741097139131
372,12085,0.824040787872989
373,12086,0.7813970722249929
374,12087,0.8494869339170885
375,12089,0.7828654827181711
376,12091,0.7766422227383836
377,12093,0.7603760376037604
378,12095,0.764260582430739
379,12097,0.7379235908219662
380,12099,0.7963206765373818
381,12101,0.7878768315698186
382,12103,0.8222798300568878
383,12105,0.7645952881189846
384,12107,0.7742859448120059
385,12109,0.7692526270923337
386,12111,0.7767802180791896
387,12113,0.7607945987368866
388,12115,0.8425739495266809
389,12117,0.7701044194947932
390,12119,0.9088846071505031
391,12121,0.7725927173834565
392,12123,0.803057155516172
393,12125,0.8062439652397811
394,12127,0.8114146378941878
395,12129,0.7749870028593709
396,12131,0.7941609287284487
397,12133,0.7883194087403599
398,13000,0.742811597401352
399,13001,0.7425970607589384
400,13003,0.7098507462686567
401,13005,0.7453136265320837
402,13007,0.7678933642422486
403,13009,0.7954724409448819
404,13011,0.7475944550149497
405,13013,0.7176034713912955
406,13015,0.7324201004423055
407,13017,0.7352841102415788
408,13019,0.7439074976667013
409,13021,0.7420779571447859
410,13023,0.7742478756793998
411,13025,0.7342349682255174
412,13027,0.7629748199224281
413,13029,0.7070419740019185
414,13031,0.7950211487246678
415,13033,0.7175759135357694
416,13035,0.7748890298034242
417,13037,0.8028084852106364
418,13039,0.7297329400352385
419,13043,0.7436806692125841
420,13045,0.7455463370941037
421,13047,0.7507115823715242
422,13049,0.7829266288719087
423,13051,0.7736678132826409
424,13053,0.7290316854530932
425,13055,0.774822217951182
426,13057,0.7251173336567979
427,13059,0.8250167075072399
428,13061,0.7747408105560791
429,13063,0.7109789379548538
430,13065,0.7288908502500735
431,13067,0.743507276791294
432,13069,0.7379119841344792
433,13071,0.7234164139083037
434,13073,0.7274552005997437
435,13075,0.7279804787357658
436,13077,0.7264151684378363
437,13079,0.7729216152019003
438,13081,0.7388113827381714
439,13083,0.7844044970841099
440,13085,0.7723690103000448
441,13087,0.7456360893613965
442,13089,0.7613272572493146
443,13091,0.7670673518076712
444,13093,0.7882423917415203
445,13095,0.7426743509755195
446,13097,0.7165245500479597
447,13099,0.7364643895348837
448,13101,0.7067426871591472
449,13103,0.7147177033492823
450,13105,0.766984032530001
451,13107,0.7456412071864766
452,13109,0.7420909090909091
453,13111,0.8086732539481463
454,13113,0.7363255041429335
455,13115,0.756585026526989
456,13117,0.6957170775620901
457,13119,0.7755841333091831
458,13121,0.7613615749184482
459,13123,0.7798317545595929
460,13125,0.7362102530824141
461,13127,0.7584834099414764
462,13129,0.7304569999637589
463,13131,0.7430330654512015
464,13133,0.7938601975740903
465,13135,0.7085547253827976
466,13137,0.7606003577983783
467,13139,0.7208098662095679
468,13141,0.8176901049952275
469,13143,0.7486796386379431
470,13145,0.7621159130652011
471,13147,0.777456074247412
472,13149,0.7424370458002366
473,13151,0.7074518688518159
474,13153,0.7320157255182274
475,13155,0.7572866429020759
476,13157,0.7347276184177896
477,13159,0.75
478,13161,0.7235200424741174
479,13163,0.7477259303012403
480,13165,0.7318944844124701
481,13167,0.7905811623246493
482,13169,0.7393351703931076
483,13171,0.7887754544958235
484,13173,0.7253423298273467
485,13175,0.7424330016104389
486,13177,0.7195914905647042
487,13179,0.6975556711266607
488,13181,0.7935217608804402
489,13183,0.6944828539823009
490,13185,0.7530965916893246
491,13187,0.7917306280451178
492,13189,0.73952
493,13191,0.7852508197865067
494,13193,0.7793080054274084
495,13195,0.755547652916074
496,13197,0.7602379318233814
497,13199,0.7630956711531466
498,13201,0.7655510204081633
499,13205,0.751638437313814
500,13207,0.7747123826824099
501,13209,0.7715663707113888
502,13211,0.7515670472352809
503,13213,0.7313011002321591
504,13215,0.7440661452984701
505,13217,0.7111486824466275
506,13219,0.716441111923921
507,13221,0.7613933821061816
508,13223,0.6972119951659593
509,13225,0.7717999638923994
510,13227,0.7744894838775441
511,13229,0.7389913636848278
512,13231,0.7292517768201914
513,13233,0.7336708860759493
514,13235,0.7853455453788509
515,13237,0.7831558111037799
516,13239,0.7954635893354556
517,13241,0.7893217006635537
518,13243,0.7761368052856588
519,13245,0.7541498586380386
520,13247,0.7311036789297659
521,13249,0.7
522,13251,0.7471390392654013
523,13253,0.7704204376217207
524,13255,0.7469917125778409
525,13257,0.7726074498567336
526,13259,0.8433476394849786
527,13261,0.7470672476309455
528,13263,0.7867443554260742
529,13265,0.8118811881188119
530,13267,0.7881661442006269
531,13269,0.75544576689872
532,13271,0.799030303030303
533,13273,0.7526570048309179
534,13275,0.7509615384615385
535,13277,0.7417618026820878
536,13279,0.7202732983139257
537,13281,0.8432814439881577
538,13283,0.75119825708061
539,13285,0.734472883479506
540,13287,0.7533034714445689
541,13289,0.7943034467472015
542,13291,0.8223918336767185
543,13293,0.7636725223732185
544,13295,0.7635697248240153
545,13297,0.7303504918345908
546,13299,0.7643478739810531
547,13301,0.7646554679465204
548,13303,0.7618350875536886
549,13305,0.752118010565135
550,13307,0.7463379778492318
551,13309,0.8114809324888829
552,13311,0.771588564692013
553,13313,0.7145878614801314
554,13315,0.8069151809832523
555,13317,0.7775889738506561
556,13319,0.7569800271881209
557,13321,0.7535402924489137
558,15000,0.7766538435243376
559,15001,0.771557010789987
560,15003,0.7791665399016163
561,15005,1.0
562,15007,0.7730992234427867
563,15009,0.7686877559192425
564,16000,0.7262841752456969
565,16001,0.735689982541766
566,16003,0.8080985915492958
567,16005,0.7258054780960659
568,16007,0.7266956231206148
569,16009,0.7629509962304792
570,16011,0.6700506501194992
571,16013,0.7565961826347305
572,16015,0.785287421741605
573,16017,0.7834968319592925
574,16019,0.6853809697411594
575,16021,0.7437112650382792
576,16023,0.7180906260809409
577,16025,0.7851387645478961
578,16027,0.6850992203172721
579,16029,0.7104696251615683
580,16031,0.6694405716277448
581,16033,0.6863543788187373
582,16035,0.8223947038009359
583,16037,0.8035714285714286
584,16039,0.7161402470596938
585,16041,0.6482089785703112
586,16043,0.6863011629663193
587,16045,0.7548896465099587
588,16047,0.7049275737196068
589,16049,0.790680518841827
590,16051,0.6447207345065035
591,16053,0.6894609814963797
592,16055,0.7527401909107976
593,16057,0.8128826119643433
594,16059,0.8014112903225806
595,16061,0.7780685684375818
596,16063,0.6737711213517665
597,16065,0.7403026427962489
598,16067,0.7063630474861727
599,16069,0.7831402011969948
600,16071,0.7006532897806813
601,16073,0.7077043206663196
602,16075,0.71338902886443
603,16077,0.6911858769348855
604,16079,0.791617704661183
605,16081,0.7027531956735497
606,16083,0.7262203806810825
607,16085,0.8023727438653417
608,16087,0.7530888409492057
609,17000,0.7561165342439874
610,17001,0.7695930137251688
611,17003,0.7711823258072348
612,17005,0.794574515983791
613,17007,0.7104403212406536
614,17009,0.8394118495026669
615,17011,0.7668534507404654
616,17013,0.781292984869326
617,17015,0.7945668421394684
618,17017,0.7506963788300836
619,17019,0.8056554323879431
620,17021,0.776551724137931
621,17023,0.7723905723905724
622,17025,0.7709735794426348
623,17027,0.7727344949949685
624,17029,0.8154548660739146
625,17031,0.7627801546776266
626,17033,0.7954786294595549
627,17035,0.7648443157132513
628,17037,0.7766260935717003
629,17039,0.7692168347322021
630,17041,0.7410410410410411
631,17043,0.7519641758749908
632,17045,0.7781546080964685
633,17047,0.7714625799732183
634,17049,0.7534606623444893
635,17051,0.7752484191508582
636,17053,0.7623038136495988
637,17055,0.7734890422385683
638,17057,0.7908494968841889
639,17059,0.7881553050635176
640,17061,0.7696960967881319
641,17063,0.7272037233086311
642,17065,0.7716684403452762
643,17067,0.7803077889447236
644,17069,0.7972222222222223
645,17071,0.7963442913654345
646,17073,0.7604286336806243
647,17075,0.7639477757587994
648,17077,0.8216812248829254
649,17079,0.7727366467312848
650,17081,0.7786076699204162
651,17083,0.7720687404829236
652,17085,0.7920892494929006
653,17087,0.8059926879669369
654,17089,0.7104619140681857
655,17091,0.7465469065395023
656,17093,0.6856609956770325
657,17095,0.7944027664921862
658,17097,0.7261088729739489
659,17099,0.7698641199396089
660,17101,0.8094813758688291
661,17103,0.7853515028725264
662,17105,0.7751476251604621
663,17107,0.7999670021448606
664,17109,0.8392309579295965
665,17111,0.7273772509392409
666,17113,0.7734767532375628
667,17115,0.7717391304347826
668,17117,0.774416413692034
669,17119,0.7725581360803916
670,17121,0.7657529730963308
671,17123,0.7830696202531645
672,17125,0.7799672712396017
673,17127,0.7719878151532827
674,17129,0.7637937819756001
675,17131,0.77364001460387
676,17133,0.7551051369966927
677,17135,0.7878687217645496
678,17137,0.7865642670267533
679,17139,0.7507072612151421
680,17141,0.7524347159653813
681,17143,0.7592791188992676
682,17145,0.7927069351230425
683,17147,0.7604758204315859
684,17149,0.7740718198417529
685,17151,0.8178970917225951
686,17153,0.7719526050965753
687,17155,0.7870462870462871
688,17157,0.8019177918508782
689,17159,0.7777367091726729
690,17161,0.7750735363886517
691,17163,0.7460230470717184
692,17165,0.7710432304419379
693,17167,0.7629149469526245
694,17169,0.7905620360551432
695,17171,0.7624649859943977
696,17173,0.774091132674507
697,17175,0.764597931264598
698,17177,0.7734065519481881
699,17179,0.7648640264708924
700,17181,0.7850404312668463
701,17183,0.7558591117917305
702,17185,0.7783543985937892
703,17187,0.7786751002428418
704,17189,0.7786083174775754
705,17191,0.7744630071599046
706,17193,0.790998977156495
707,17195,0.7651201750487197
708,17197,0.7093187319204204
709,17199,0.7785915577859156
710,17201,0.7508009726822594
711,17203,0.7416201117318436
712,18000,0.7519514013537119
713,18001,0.6884287666850845
714,18003,0.7299460499987336
715,18005,0.7478969711175352
716,18007,0.7420374971764174
717,18009,0.7717374275419082
718,18011,0.7189795197740113
719,18013,0.7918908279753313
720,18015,0.7540560654924336
721,18017,0.7409793153005184
722,18019,0.7631450032658393
723,18021,0.760468575678691
724,18023,0.7336563929689381
725,18025,0.7671053859796509
726,18027,0.7118301314459049
727,18029,0.74993506104262
728,18031,0.7451437451437452
729,18033,0.7362574899936054
730,18035,0.799670267100645
731,18037,0.7453030628565972
732,18039,0.7156545639530469
733,18041,0.760349301808296
734,18043,0.7595671645793666
735,18045,0.7578886310904872
736,18047,0.7386841079395331
737,18049,0.7522077174121713
738,18051,0.7568874429155598
739,18053,0.7834886741553789
740,18055,0.7623096638022011
741,18057,0.6979338526927658
742,18059,0.7380360561126825
743,18061,0.7635656945432375
744,18063,0.7256201529068808
745,18065,0.7767174800857224
746,18067,0.7633289829853055
747,18069,0.7630912617174873
748,18071,0.7542004908438739
749,18073,0.7432941035904176
750,18075,0.7344374911777161
751,18077,0.7738374244480078
752,18079,0.7360210341805434
753,18081,0.7357755595972905
754,18083,0.7868886576482831
755,18085,0.7438273998810724
756,18087,0.6550851109674639
757,18089,0.7434037963326983
758,18091,0.7722913508033767
759,18093,0.7643386656262193
760,18095,0.769143699291987
761,18097,0.7492730184980402
762,18099,0.731164056024314
763,18101,0.759918714921618
764,18103,0.7725659160501857
765,18105,0.8371359821415629
766,18107,0.7602822369111321
767,18109,0.7484831770546057
768,18111,0.7697978096040438
769,18113,0.7296785594076068
770,18115,0.7878590078328982
771,18117,0.753679435483871
772,18119,0.7677404403244495
773,18121,0.7858584693465598
774,18123,0.7857586099906919
775,18125,0.7757882444530946
776,18127,0.7570873112940618
777,18129,0.763103049015824
778,18131,0.76137889867184
779,18133,0.7893738640254985
780,18135,0.7561040846738757
781,18137,0.7366229439933375
782,18139,0.7523574057037719
783,18141,0.7533032881156554
784,18143,0.7596460030602539
785,18145,0.7559411288144747
786,18147,0.758352424589538
787,18149,0.7561956940461413
788,18151,0.7708059090244259
789,18153,0.7862630966239814
790,18155,0.7435220955432017
791,18157,0.7932804722768839
792,18159,0.7676330321285141
793,18161,0.7492017030335285
794,18163,0.7779892377979222
795,18165,0.769059955588453
796,18167,0.7862825458052073
797,18169,0.7731999513500365
798,18171,0.765397273154678
799,18173,0.7414766539898474
800,18175,0.7478593163965749
801,18177,0.7695343674274853
802,18179,0.7503618468664062
803,18181,0.7581463295864952
804,18183,0.7542052144659378
805,19000,0.7610281795785455
806,19001,0.7754491017964071
807,19003,0.7892777364110201
808,19005,0.7690160502442428
809,19007,0.7754326065026771
810,19009,0.7811733943454813
811,19011,0.7451296211075318
812,19013,0.7826226256770158
813,19015,0.7613092070250133
814,19017,0.7729032789586423
815,19019,0.7291726309762382
816,19021,0.7504442250740375
817,19023,0.7643774803255532
818,19025,0.7877973112719752
819,19027,0.7513451191391237
820,19029,0.7715677844654629
821,19031,0.7547434996486296
822,19033,0.7850331815813911
823,19035,0.7883532140490391
824,19037,0.7560093255084814
825,19039,0.7473616196424725
826,19041,0.7702045959080819
827,19043,0.7681063489436813
828,19045,0.7640280153106931
829,19047,0.7358446420215256
830,19049,0.7093672034474937
831,19051,0.708671312692791
832,19053,0.773205628473454
833,19055,0.7476356676424228
834,19057,0.768307501549907
835,19059,0.8063838723225536
836,19061,0.7623994960118736
837,19063,0.7699475829935934
838,19065,0.7753352490421456
839,19067,0.7613322701343311
840,19069,0.7615168539325843
841,19071,0.7716704743986024
842,19073,0.7690659811482433
843,19075,0.7619047619047619
844,19077,0.7607266751871462
845,19079,0.7595227461239074
846,19081,0.765629133233401
847,19083,0.7691342534504392
848,19085,0.7591773847802786
849,19087,0.7682303301067263
850,19089,0.7478569935187122
851,19091,0.7699439633214468
852,19093,0.7604739737621667
853,19095,0.7543870376031795
854,19097,0.7679866989117291
855,19099,0.7715379186797676
856,19101,0.8179659205604702
857,19103,0.8019742974587797
858,19105,0.7758503730981684
859,19107,0.7676719627057369
860,19109,0.7712796757382745
861,19111,0.7780101500195192
862,19113,0.7545425279084961
863,19115,0.7415473785896197
864,19117,0.7555630478759272
865,19119,0.7232536050427424
866,19121,0.7277887620383953
867,19123,0.7568920066127519
868,19125,0.7489567384190459
869,19127,0.7465065931903169
870,19129,0.7463975031542599
871,19131,0.7527839643652561
872,19133,0.778426917667424
873,19135,0.7584692597239648
874,19137,0.7662011173184358
875,19139,0.7388232541817756
876,19141,0.7643422697596889
877,19143,0.769421231816775
878,19145,0.7799397439116244
879,19147,0.7804903938010826
880,19149,0.7404946770191307
881,19151,0.7853625170998632
882,19153,0.7447403864016348
883,19155,0.7587002726550591
884,19157,0.7910542455324099
885,19159,0.757747027869811
886,19161,0.7753623188405797
887,19163,0.7544787682176923
888,19165,0.7644448097312403
889,19167,0.7315748872537384
890,19169,0.8218377967880994
891,19171,0.7444700849890246
892,19173,0.766344783916416
893,19175,0.7657571405776289
894,19177,0.7593130779392339
895,19179,0.7720982456140351
896,19181,0.7400108166576528
897,19183,0.7484795429413933
898,19185,0.7657348118069655
899,19187,0.7785231368216137
900,19189,0.7833609423891036
901,19191,0.7959251519756839
902,19193,0.7336452256978429
903,19195,0.7687549355093446
904,19197,0.7667246201526948
905,20000,0.7452124307511993
906,20001,0.7645651035823797
907,20003,0.7461120710935571
908,20005,0.7581541006854171
909,20007,0.7753548652540629
910,20009,0.7548601575486016
911,20011,0.743887167995782
912,20013,0.7461939102564102
913,20015,0.7305555555555555
914,20017,0.7795698924731183
915,20019,0.7934041973289725
916,20021,0.75054390593899
917,20023,0.7868672046955246
918,20025,0.7476297968397291
919,20027,0.7632103104862331
920,20029,0.7758313227735235
921,20031,0.7573537960702243
922,20033,0.7699629825489159
923,20035,0.7557214067362508
924,20037,0.7770480911739153
925,20039,0.8125633232016211
926,20041,0.7522020856535385
927,20043,0.776589049716803
928,20045,0.8093317452583328
929,20047,0.7625946657886071
930,20049,0.7866065232477446
931,20051,0.7897863067622662
932,20053,0.8126827766661536
933,20055,0.6797911681531433
934,20057,0.6906759631292838
935,20059,0.7403047091412742
936,20061,0.6910249694429893
937,20063,0.7766233766233767
938,20065,0.8086253369272237
939,20067,0.6864222761527654
940,20069,0.6964701964701965
941,20071,0.7866880513231757
942,20073,0.7791897144565705
943,20075,0.7163568773234201
944,20077,0.7633410672853829
945,20079,0.7447526236881559
946,20081,0.6884398496240601
947,20083,0.7599164926931107
948,20085,0.734511959589957
949,20087,0.7529540939035867
950,20089,0.8124796880077998
951,20091,0.7365646230376401
952,20093,0.701533819461906
953,20095,0.7582081954695852
954,20097,0.7845671758715237
955,20099,0.7564678113574305
956,20101,0.7748571428571429
957,20103,0.7488160363125926
958,20105,0.7593335390311632
959,20107,0.768019884009942
960,20109,0.7717706821480407
961,20111,0.7643217571979816
962,20113,0.7649760109664153
963,20115,0.7736176935229068
964,20117,0.7691015123060195
965,20119,0.7097267759562842
966,20121,0.7302894439869461
967,20123,0.7855013337517652
968,20125,0.7632150207211524
969,20127,0.7852439642073273
970,20129,0.7299721620785647
971,20131,0.7379642365887208
972,20133,0.7527858527131783
973,20135,0.7759897006758931
974,20137,0.8002116028919062
975,20139,0.7516416078551703
976,20141,0.7890098496630379
977,20143,0.7456903628304055
978,20145,0.7808690663989675
979,20147,0.7577100319035803
980,20149,0.7032493982595815
981,20151,0.7716445733222866
982,20153,0.8114331083763399
983,20155,0.7638232239463038
984,20157,0.8068273092369478
985,20159,0.7610830110086284
986,20161,0.8148351262040358
987,20163,0.7637521713954835
988,20165,0.806168732990626
989,20167,0.7872309899569584
990,20169,0.7493795633564724
991,20171,0.7495948136142626
992,20173,0.7283597363378247
993,20175,0.6804200069710701
994,20177,0.7517562691784594
995,20179,0.7640845070422535
996,20181,0.7753743760399334
997,20183,0.799117570724111
998,20185,0.7662835249042146
999,20187,0.70917225950783
1000,20189,0.694095038434661
1001,20191,0.7383557102602354
1002,20193,0.7665822784810127
1003,20195,0.8003998667110963
1004,20197,0.7459237204026655
1005,20199,0.7481481481481481
1006,20201,0.7709949991377824
1007,20203,0.7278424350940018
1008,20205,0.7562971622914231
1009,20207,0.8011483831973406
1010,20209,0.7178819720008889
1011,21000,0.7641658334038122
1012,21001,0.7745497427101201
1013,21003,0.7551112447384245
1014,21005,0.7457635031044302
1015,21007,0.778397381500788
1016,21009,0.7577597040760676
1017,21011,0.7527391942023984
1018,21013,0.782893590324492
1019,21015,0.7173746538620162
1020,21017,0.7591693770327745
1021,21019,0.7861814218239069
1022,21021,0.7834130557118739
1023,21023,0.7464655984919887
1024,21025,0.7679780948263438
1025,21027,0.7582132708509896
1026,21029,0.7472651677229242
1027,21031,0.769424743892829
1028,21033,0.7778034504004929
1029,21035,0.8195262294641177
1030,21037,0.7719624512929507
1031,21039,0.7739028213166145
1032,21041,0.7485893996855055
1033,21043,0.7653679653679654
1034,21045,0.7640238169852711
1035,21047,0.7150294097762153
1036,21049,0.7650015443798612
1037,21051,0.7803957662218132
1038,21053,0.7613901869158879
1039,21055,0.7734836285560923
1040,21057,0.7777129521586931
1041,21059,0.7557833967886112
1042,21061,0.7815146780692377
1043,21063,0.7962302598064187
1044,21065,0.7724236641221374
1045,21067,0.7882611062092001
1046,21069,0.7556453861165319
1047,21071,0.775062736052318
1048,21073,0.7836055595008623
1049,21075,0.7992073976221928
1050,21077,0.7318663406682967
1051,21079,0.7685666982024598
1052,21081,0.7192847295434271
1053,21083,0.7561488106462649
1054,21085,0.7613609881146586
1055,21087,0.773583229703322
1056,21089,0.7744513681929016
1057,21091,0.7402218330414477
1058,21093,0.7402385757463783
1059,21095,0.7716715622651821
1060,21097,0.7569245463228271
1061,21099,0.7502610033518325
1062,21101,0.764972972972973
1063,21103,0.7520108977685521
1064,21105,0.7849857201142391
1065,21107,0.7678815004262575
1066,21109,0.7641914925151919
1067,21111,0.7681717348359727
1068,21113,0.7417157205779442
1069,21115,0.7752611748587087
1070,21117,0.7498998246932131
1071,21119,0.7836779640278967
1072,21121,0.753379543957595
1073,21123,0.7622067216233355
1074,21125,0.7568182976771058
1075,21127,0.767906683480454
1076,21129,0.8049955623177381
1077,21131,0.7862068965517242
1078,21133,0.7785390921326318
1079,21135,0.7614996395097332
1080,21137,0.7534556624363431
1081,21139,0.7948313898518752
1082,21141,0.7544997205142537
1083,21143,0.8456819821987009
1084,21145,0.7757035003431709
1085,21147,0.7751010597618267
1086,21149,0.7665512538033784
1087,21151,0.7847218872111534
1088,21153,0.7604440111002775
1089,21155,0.753380423814329
1090,21157,0.7920376494530654
1091,21159,0.7866811044937737
1092,21161,0.7561463693539165
1093,21163,0.7271169848262359
1094,21165,0.7678401522359658
1095,21167,0.7638179175847358
1096,21169,0.7604713337954253
1097,21171,0.7677642980935875
1098,21173,0.7547077248198045
1099,21175,0.7960209724915607
1100,21177,0.7834534429664434
1101,21179,0.7401984483274627
1102,21181,0.7583742116327961
1103,21183,0.7511114839359114
1104,21185,0.7215332581736189
1105,21187,0.7543584540171571
1106,21189,0.7774973711882229
1107,21191,0.7526383007326746
1108,21193,0.7825299526330454
1109,21195,0.7806656003937008
1110,21197,0.7538254182192976
1111,21199,0.772322915180058
1112,21201,0.7852760736196319
1113,21203,0.767999530956848
1114,21205,0.8044829211845883
1115,21207,0.7766581269570167
1116,21209,0.7314565535369809
1117,21211,0.751794457384608
1118,21213,0.753679228949039
1119,21215,0.7429224547212941
1120,21217,0.7770479765013055
1121,21219,0.7276886035313002
1122,21221,0.7748796987237604
1123,21223,0.7491202179589057
1124,21225,0.7703071899780103
1125,21227,0.7722862767154106
1126,21229,0.7683707433643424
1127,21231,0.7743717868639792
1128,21233,0.7658762205418105
1129,21235,0.7612313045430311
1130,21237,0.7596193065941537
1131,21239,0.7592926741248647
1132,22000,0.7533811476313879
1133,22001,0.7270166577631004
1134,22003,0.7712311752833411
1135,22005,0.7131464813692114
1136,22007,0.7542376499722472
1137,22009,0.7555914719653934
1138,22011,0.7392999382958434
1139,22013,0.7672263638263778
1140,22015,0.7432530625154943
1141,22017,0.7542681659338979
1142,22019,0.7457461819389111
1143,22021,0.7656928543229372
1144,22023,0.7578593361602574
1145,22025,0.7741904487364274
1146,22027,0.8034312300087235
1147,22029,0.7486792815291519
1148,22031,0.7505252100840336
1149,22033,0.7644892553121401
1150,22035,0.743137002191004
1151,22037,0.7931612966891992
1152,22039,0.7302554143126178
1153,22041,0.7439687966485289
1154,22043,0.7691066385763593
1155,22045,0.7290824685963954
1156,22047,0.7753017641597029
1157,22049,0.7723976895661792
1158,22051,0.7748316965359078
1159,22053,0.7341900360828005
1160,22055,0.7551065538997553
1161,22057,0.7542930708694118
1162,22059,0.7633310946944258
1163,22061,0.7944795121429336
1164,22063,0.7240404292878009
1165,22065,0.7501033655833953
1166,22067,0.7527431287751528
1167,22069,0.7573674366880655
1168,22071,0.7870598466097973
1169,22073,0.737360135310955
1170,22075,0.7253276625292944
1171,22077,0.759889483378651
1172,22079,0.7415604841467028
1173,22081,0.7455725442745572
1174,22083,0.7449939686369119
1175,22085,0.7556224982461932
1176,22087,0.7443518957015907
1177,22089,0.7308071239105722
1178,22091,0.753369633133982
1179,22093,0.7420595421228848
1180,22095,0.73094678163923
1181,22097,0.7280053727333781
1182,22099,0.7359854294478527
1183,22101,0.7455809698078683
1184,22103,0.7427226833233508
1185,22105,0.7487964193993245
1186,22107,0.746953541507997
1187,22109,0.7396477740032184
1188,22111,0.7699044936402447
1189,22113,0.7331505715615787
1190,22115,0.7227041693736386
1191,22117,0.7484947421981004
1192,22119,0.7643604241997719
1193,22121,0.7508407600470826
1194,22123,0.7537056187521545
1195,22125,0.826048
1196,22127,0.7752236661660027
1197,23000,0.7933295241278538
1198,23001,0.77430316985757
1199,23003,0.799860859885905
1200,23005,0.790914319390501
1201,23007,0.8034646385855434
1202,23009,0.8166599287000624
1203,23011,0.7928138124125058
1204,23013,0.8059693980269781
1205,23015,0.8122877789708912
1206,23017,0.787024709076133
1207,23019,0.8027910058925567
1208,23021,0.8080980895352153
1209,23023,0.7897033406057858
1210,23025,0.7860151642796968
1211,23027,0.7899499819522509
1212,23029,0.8002191380569759
1213,23031,0.7864820855167376
1214,24000,0.765661762464424
1215,24001,0.8199555182654787
1216,24003,0.7673958813814037
1217,24005,0.780442692126619
1218,24009,0.738203905924248
1219,24011,0.7475654751103853
1220,24013,0.7532698313927747
1221,24015,0.7492285476915773
1222,24017,0.7346725713232936
1223,24019,0.7833098289288123
1224,24021,0.7470103048610665
1225,24023,0.7787154865933482
1226,24025,0.7532533309370737
1227,24027,0.7399237159726213
1228,24029,0.8243303460910036
1229,24031,0.7596876649684032
1230,24033,0.761415070301823
1231,24035,0.7620402527302398
1232,24037,0.7376534697720422
1233,24039,0.8313184737438609
1234,24041,0.8048012280980361
1235,24043,0.7708810961134097
1236,24045,0.77621463948224
1237,24047,0.8168655498114821
1238,24510,0.7849140284172436
1239,25000,0.7832920893960241
1240,25001,0.8274614614985548
1241,25003,0.8047234013366966
1242,25005,0.7767420228530783
1243,25007,0.8081040217719988
1244,25009,0.768435825980712
1245,25011,0.8028918903771787
1246,25013,0.7629182938143217
1247,25015,0.8306806680161943
1248,25017,0.7868124557160773
1249,25019,0.7927644514353126
1250,25021,0.7732250130431542
1251,25023,0.7585968613045772
1252,25025,0.8251094494219713
1253,25027,0.7655368717378455
1254,26000,0.7628335309663241
1255,26001,0.8544141838786328
1256,26003,0.8286636808665764
1257,26005,0.7376849059313514
1258,26007,0.7908980336509224
1259,26009,0.7894826123833757
1260,26011,0.7990439650292471
1261,26013,0.7975169300225734
1262,26015,0.7556655907254998
1263,26017,0.7777509719683403
1264,26019,0.7901283880171184
1265,26021,0.7661418377302902
1266,26023,0.760519801980198
1267,26025,0.757547045083954
1268,26027,0.7655900407320292
1269,26029,0.7797217619176077
1270,26031,0.795579687977975
1271,26033,0.7987798546209761
1272,26035,0.7908879260169437
1273,26037,0.7530975564458359
1274,26039,0.8014068495097343
1275,26041,0.7912541476705603
1276,26043,0.7856542341791501
1277,26045,0.7670635399363395
1278,26047,0.7739952284822903
1279,26049,0.749691162310059
1280,26051,0.799237116612175
1281,26053,0.8309490473001765
1282,26055,0.779332306348148
1283,26057,0.7853611451172426
1284,26059,0.7624443111720356
1285,26061,0.7935459211532161
1286,26063,0.7934053988767438
1287,26065,0.7913846811085993
1288,26067,0.7547140286362569
1289,26069,0.8240815853517209
1290,26071,0.828975205212829
1291,26073,0.8203126111134815
1292,26075,0.7678910189206729
1293,26077,0.7725970814641415
1294,26079,0.7730426164519326
1295,26081,0.7375900647503743
1296,26083,0.8214285714285714
1297,26085,0.8210416847213796
1298,26087,0.758217371120597
1299,26089,0.80468030219274
1300,26091,0.7684699475433469
1301,26093,0.744500378522051
1302,26095,0.8211431156688282
1303,26097,0.8133717268064429
1304,26099,0.7697264375524687
1305,26101,0.8093235757894311
1306,26103,0.8131997555048676
1307,26105,0.7826162689426929
1308,26107,0.8003177718584981
1309,26109,0.7901702109950477
1310,26111,0.762582357794545
1311,26113,0.7578288100208769
1312,26115,0.7587372797179337
1313,26117,0.7585961921000284
1314,26119,0.8318484383000512
1315,26121,0.7515099774664901
1316,26123,0.7503714403631861
1317,26125,0.7653743215437614
1318,26127,0.7513737297704177
1319,26129,0.7963500622148486
1320,26131,0.841740412979351
1321,26133,0.7525076504590276
1322,26135,0.7982638888888889
1323,26137,0.7709402416818407
1324,26139,0.739436165897779
1325,26141,0.8252840909090909
1326,26143,0.8394208352079839
1327,26145,0.7659927361379634
1328,26147,0.7631685475956821
1329,26149,0.7410066073904886
1330,26151,0.7636962471586956
1331,26153,0.8011785503830289
1332,26155,0.7585352734684634
1333,26157,0.7650953722478422
1334,26159,0.745495554564767
1335,26161,0.7913141584322096
1336,26163,0.7463478751873025
1337,26165,0.7565908049488316
1338,27000,0.7579032508943848
1339,27001,0.8198987779286507
1340,27003,0.739965059061068
1341,27005,0.753907211420133
1342,27007,0.7500562530939202
1343,27009,0.7529323034511456
1344,27011,0.7902827861074208
1345,27013,0.806586162185806
1346,27015,0.7799405244660719
1347,27017,0.763635336008591
1348,27019,0.7011818721029854
1349,27021,0.7828613435082438
1350,27023,0.7657744554296279
1351,27025,0.7430363538515783
1352,27027,0.7670468990999847
1353,27029,0.750431282346176
1354,27031,0.8317233384853169
1355,27033,0.7611876443912039
1356,27035,0.770048
1357,27037,0.7363957526245007
1358,27039,0.7100612336336934
1359,27041,0.7812769029964731
1360,27043,0.7801827801827802
1361,27045,0.7572606153551231
1362,27047,0.7801311790113582
1363,27049,0.7628997683130156
1364,27051,0.7861415752741775
1365,27053,0.7732216847083324
1366,27055,0.7685920008409103
1367,27057,0.7814764049344037
1368,27059,0.7407182145123757
1369,27061,0.7817035820498025
1370,27063,0.7740112994350282
1371,27065,0.7600837489993226
1372,27067,0.7595350268709014
1373,27069,0.7838312829525483
1374,27071,0.7909999248741643
1375,27073,0.7886761261881802
1376,27075,0.8097736057426836
1377,27077,0.7987639060568603
1378,27079,0.7454427318340974
1379,27081,0.776797829036635
1380,27083,0.7577058436786943
1381,27085,0.7472101716187826
1382,27087,0.7070016626639571
1383,27089,0.7641699332556415
1384,27091,0.7777351247600768
1385,27093,0.7459227467811159
1386,27095,0.7465225888033107
1387,27097,0.7540514488824628
1388,27099,0.7476444603324567
1389,27101,0.7783381088825215
1390,27103,0.7744064533871116
1391,27105,0.743521377116662
1392,27107,0.7568593111500291
1393,27109,0.7473795130608397
1394,27111,0.7826117306249236
1395,27113,0.7623115577889448
1396,27115,0.7781848739495798
1397,27117,0.7508336807002918
1398,27119,0.761993670886076
1399,27121,0.7874488403819918
1400,27123,0.767039556464297
1401,27125,0.7537295182196136
1402,27127,0.7498598916495424
1403,27129,0.7675778766687857
1404,27131,0.7636026316610022
1405,27133,0.7416124703210488
1406,27135,0.7374112227269819
1407,27137,0.8024282560706402
1408,27139,0.6980789360261068
1409,27141,0.7087311721036396
1410,27143,0.7436621568369893
1411,27145,0.7683249027495652
1412,27147,0.736165791776028
1413,27149,0.7905613818630475
1414,27151,0.7768578145763059
1415,27153,0.7505523197429202
1416,27155,0.7813378302417088
1417,27157,0.7668850341391401
1418,27159,0.7597341616701582
1419,27161,0.7636392140468228
1420,27163,0.7329341216783687
1421,27165,0.7495317099277495
1422,27167,0.7606447688564477
1423,27169,0.8062804842502089
1424,27171,0.7003929430633521
1425,27173,0.7628856102701667
1426,28000,0.7453726404872852
1427,28001,0.777223890763848
1428,28003,0.7565642118897914
1429,28005,0.7749600182773589
1430,28007,0.7400327131465958
1431,28009,0.7528926566617024
1432,28011,0.7468736271782106
1433,28013,0.7501002539767411
1434,28015,0.784561668396716
1435,28017,0.7371205151793928
1436,28019,0.756990756990757
1437,28021,0.7637442732194919
1438,28023,0.7532871145111164
1439,28025,0.7430454589512455
1440,28027,0.706932813276739
1441,28029,0.7492614350232606
1442,28031,0.7400347506132461
1443,28033,0.7170577729268475
1444,28035,0.7637521018496277
1445,28037,0.7483370288248337
1446,28039,0.7315971299495083
1447,28041,0.7808333333333334
1448,28043,0.7539030402629416
1449,28045,0.7610234696897266
1450,28047,0.7549343951257316
1451,28049,0.7348268340909554
1452,28051,0.7095009896864257
1453,28053,0.7117866666666667
1454,28055,0.8001422475106685
1455,28057,0.769240630742276
1456,28059,0.7451098318870464
1457,28061,0.7583518930957683
1458,28063,0.7637846233497282
1459,28065,0.7639144710498919
1460,28067,0.7439825268222133
1461,28069,0.7665455241009946
1462,28071,0.8149986272729193
1463,28073,0.7375399762837328
1464,28075,0.749816224567349
1465,28077,0.7473895892953825
1466,28079,0.6907372400756143
1467,28081,0.73337353757086
1468,28083,0.729213726521645
1469,28085,0.7389371648168861
1470,28087,0.7481557068535774
1471,28089,0.7305967248931231
1472,28091,0.7440933254577673
1473,28093,0.7656956709024337
1474,28095,0.7544675444050934
1475,28097,0.7556064073226545
1476,28099,0.7130677988947297
1477,28101,0.7397329650092082
1478,28103,0.7289735816370724
1479,28105,0.8173732457888444
1480,28107,0.7307747716598957
1481,28109,0.7540566679800839
1482,28111,0.7457959183673469
1483,28113,0.7284674784674785
1484,28115,0.7302800680976066
1485,28117,0.7671704383605
1486,28119,0.7381734160282135
1487,28121,0.7490837964368685
1488,28123,0.7299037645060855
1489,28125,0.7445077298616761
1490,28127,0.7363560338872123
1491,28129,0.7416166393790552
1492,28131,0.7564938715843922
1493,28133,0.7573174872665535
1494,28135,0.7733775523475094
1495,28137,0.7417780239562418
1496,28139,0.7461766822598057
1497,28141,0.7683866687082122
1498,28143,0.7015216181109668
1499,28145,0.7423896218766124
1500,28147,0.7361264003108204
1501,28149,0.7408812252680786
1502,28151,0.7196354889805816
1503,28153,0.7380826143538824
1504,28155,0.7484638642348581
1505,28157,0.7700951609637579
1506,28159,0.7505469319720804
1507,28161,0.7616343271809434
1508,28163,0.7478353821485837
1509,29000,0.7619880823392905
1510,29001,0.8058343421720623
1511,29003,0.7591810768607946
1512,29005,0.7920844327176781
1513,29007,0.7505190175878412
1514,29009,0.7572829170997556
1515,29011,0.7408482502822126
1516,29013,0.7504838993489354
1517,29015,0.8196368597816961
1518,29017,0.7640540321928334
1519,29019,0.7894086398347291
1520,29021,0.7649914238629612
1521,29023,0.7670000467355237
1522,29025,0.7449066213921901
1523,29027,0.7743616349363891
1524,29029,0.8093268487796009
1525,29031,0.7806512144197478
1526,29033,0.7641742872512103
1527,29035,0.7581803671189146
1528,29037,0.7347654757835903
1529,29039,0.7634100986983264
1530,29041,0.774102924275316
1531,29043,0.7263568494743097
1532,29045,0.7594901246673204
1533,29047,0.7419696403065708
1534,29049,0.7544231789037266
1535,29051,0.7639557836557441
1536,29053,0.7739332992443612
1537,29055,0.7570051830255912
1538,29057,0.7735633642014461
1539,29059,0.7515050366573285
1540,29061,0.7329538716945334
1541,29063,0.8208191126279863
1542,29065,0.7667496966213195
1543,29067,0.7763080970476469
1544,29069,0.7470034112602886
1545,29071,0.7526504552082923
1546,29073,0.7790040730521613
1547,29075,0.7545265657465123
1548,29077,0.7878687666712698
1549,29079,0.7595750901471592
1550,29081,0.752037512560009
1551,29083,0.7774784482758621
1552,29085,0.8270489248987224
1553,29087,0.8023208469055375
1554,29089,0.7852917981072555
1555,29091,0.7508910891089109
1556,29093,0.7739416745061147
1557,29095,0.7543083372147182
1558,29097,0.7420956696535042
1559,29099,0.7486067488673406
1560,29101,0.7710238615838008
1561,29103,0.7501815541031227
1562,29105,0.7495993927637682
1563,29107,0.7547407207692999
1564,29109,0.7366309468343946
1565,29111,0.7654490255606698
1566,29113,0.7198569417494198
1567,29115,0.7526839589373874
1568,29117,0.7809147745969068
1569,29119,0.7194905341593381
1570,29121,0.7572272902479763
1571,29123,0.760265008997219
1572,29125,0.7652571926765476
1573,29127,0.7606754456064765
1574,29129,0.7455746367239102
1575,29131,0.751737514142557
1576,29133,0.7779635046663881
1577,29135,0.7484462100339592
1578,29137,0.7668552036199096
1579,29139,0.7668355671788166
1580,29141,0.7795283248237297
1581,29143,0.7618695927410846
1582,29145,0.7459820353099081
1583,29147,0.817586649550706
1584,29149,0.7770425512360997
1585,29151,0.7526300619685834
1586,29153,0.7995474647742467
1587,29155,0.724857892435505
1588,29157,0.7489852933424701
1589,29159,0.7444610317291059
1590,29161,0.7831517406324741
1591,29163,0.7781918340894362
1592,29165,0.7537448780815477
1593,29167,0.7537977326010855
1594,29169,0.7601675785285228
1595,29171,0.7670214902590882
1596,29173,0.7661060293105144
1597,29175,0.7686708113638152
1598,29177,0.7502766663829062
1599,29179,0.7712066905615292
1600,29181,0.7654609929078015
1601,29183,0.7424025965019349
1602,29185,0.8001019887812341
1603,29186,0.7673739322127308
1604,29187,0.7795559907587325
1605,29189,0.7655807975141998
1606,29195,0.7691056910569106
1607,29197,0.7427217332430602
1608,29199,0.718769357836052
1609,29201,0.7486667857416244
1610,29203,0.7664968605615449
1611,29205,0.7494115801035619
1612,29207,0.7720568606513615
1613,29209,0.8126824420843426
1614,29211,0.7579684241882634
1615,29213,0.7788679245283019
1616,29215,0.7800292217779144
1617,29217,0.7512642374403328
1618,29219,0.7500692030879955
1619,29221,0.7593570152808097
1620,29223,0.7924709710820206
1621,29225,0.7226948787359815
1622,29227,0.7954859511745739
1623,29229,0.7410576667552484
1624,29510,0.7884739456425739
1625,30000,0.774045269174209
1626,30001,0.7988319273199221
1627,30003,0.6682471822774971
1628,30005,0.6997380989061778
1629,30007,0.7751247327156094
1630,30009,0.8029370906925978
1631,30011,0.825
1632,30013,0.7709247851267107
1633,30015,0.7331842422157234
1634,30017,0.7728865715018378
1635,30019,0.7898343803540834
1636,30021,0.7915458398393933
1637,30023,0.8109270810927081
1638,30025,0.7650519031141868
1639,30027,0.7980321077162092
1640,30029,0.7662546190392399
1641,30031,0.7907231351870678
1642,30033,0.7686567164179104
1643,30035,0.6838570042540488
1644,30037,0.7828054298642534
1645,30039,0.8298148749594024
1646,30041,0.7322316103379721
1647,30043,0.7693319305628616
1648,30045,0.793918918918919
1649,30047,0.7467125860989355
1650,30049,0.7732313273917502
1651,30051,0.7802479692176144
1652,30053,0.8021029105501092
1653,30055,0.7906574394463668
1654,30057,0.8226498504745807
1655,30059,0.8069804336329984
1656,30061,0.820506748756808
1657,30063,0.8002909450223699
1658,30065,0.7941824592331423
1659,30067,0.8026349449987209
1660,30069,0.771255060728745
1661,30071,0.7686339054784858
1662,30073,0.750365675280351
1663,30075,0.7917383820998278
1664,30077,0.8265262558702149
1665,30079,0.8227311280746396
1666,30081,0.7805630160151199
1667,30083,0.7657500513030987
1668,30085,0.6823980815347722
1669,30087,0.7041048413300119
1670,30089,0.7937439761675282
1671,30091,0.8055555555555556
1672,30093,0.7899415204678363
1673,30095,0.7703191839420862
1674,30097,0.7699260476581758
1675,30099,0.7671661452329985
1676,30101,0.7928249436513899
1677,30103,0.8133704735376045
1678,30105,0.7683539150495319
1679,30107,0.7633763837638377
1680,30109,0.7866273352999017
1681,30111,0.763198442948666
1682,30113,
1683,31000,0.748556813869918
1684,31001,0.7603303150108405
1685,31003,0.7645474943904264
1686,31005,0.7282608695652174
1687,31007,0.7768115942028986
1688,31009,0.7552301255230126
1689,31011,0.7631244323342417
1690,31013,0.7480544747081712
1691,31015,0.7851357789423535
1692,31017,0.7834658187599364
1693,31019,0.75990195653117
1694,31021,0.7748614756488772
1695,31023,0.7522334723049434
1696,31025,0.7467216037399469
1697,31027,0.745820153637596
1698,31029,0.761976802824004
1699,31031,0.7785751794153685
1700,31033,0.7605521104220844
1701,31035,0.7477835524304494
1702,31037,0.7087018544935806
1703,31039,0.750300908195645
1704,31041,0.7635981351128988
1705,31043,0.699228791773779
1706,31045,0.8076671749074276
1707,31047,0.7143385677875524
1708,31049,0.7897990726429676
1709,31051,0.7438333333333333
1710,31053,0.7610313155814777
1711,31055,0.7394770938485042
1712,31057,0.7778884462151394
1713,31059,0.7616298811544991
1714,31061,0.7841860465116279
1715,31063,0.7844702467343977
1716,31065,0.7668884855817705
1717,31067,0.7702926807404419
1718,31069,0.8142926592124453
1719,31071,0.7896534895070766
1720,31073,0.7759295499021527
1721,31075,0.8127035830618893
1722,31077,0.764775413711584
1723,31079,0.7273875134369615
1724,31081,0.7436431389741341
1725,31083,0.7846917908267601
1726,31085,0.7693898655635988
1727,31087,0.7864511691884457
1728,31089,0.765309056061332
1729,31091,0.7866847826086957
1730,31093,0.7540643927319095
1731,31095,0.786935206042136
1732,31097,0.8108108108108109
1733,31099,0.7577438742487286
1734,31101,0.7842973231357553
1735,31103,0.7827669902912622
1736,31105,0.7757131640931694
1737,31107,0.7591081484886795
1738,31109,0.7690981650765398
1739,31111,0.7496417548500882
1740,31113,0.7483617300131061
1741,31115,0.7768987341772152
1742,31117,0.7198515769944341
1743,31119,0.7497706158963184
1744,31121,0.7520713830465264
1745,31123,0.7600158667195557
1746,31125,0.7654618473895582
1747,31127,0.7839403973509934
1748,31129,0.7875555555555556
1749,31131,0.7592121982210928
1750,31133,0.7796610169491526
1751,31135,0.7525252525252525
1752,31137,0.7542446669569003
1753,31139,0.7405725295898706
1754,31141,0.7358935384806279
1755,31143,0.7561968183499815
1756,31145,0.7704206241519674
1757,31147,0.7851249551596318
1758,31149,0.7975098296199213
1759,31151,0.7555633802816901
1760,31153,0.712150591790481
1761,31155,0.741385948026949
1762,31157,0.752447930754666
1763,31159,0.7634626865671642
1764,31161,0.7635765222161273
1765,31163,0.7756979695431472
1766,31165,0.7765064836003052
1767,31167,0.725240659161364
1768,31169,0.7863427697016068
1769,31171,0.7712519319938176
1770,31173,0.6445244956772335
1771,31175,0.7791079812206573
1772,31177,0.7483443708609272
1773,31179,0.805940594059406
1774,31181,0.7741343126967472
1775,31183,0.7542787286063569
1776,31185,0.7762166117819246
1777,32000,0.753750993778677
1778,32001,0.7477991719258753
1779,32003,0.7495896260331097
1780,32005,0.7981786071451369
1781,32007,0.7085091564586833
1782,32009,0.8314176245210728
1783,32011,0.7579265223955712
1784,32013,0.7262826718296225
1785,32015,0.723982683982684
1786,32017,0.7311506080449017
1787,32019,0.7512889572912659
1788,32021,0.816848281642917
1789,32023,0.7932007463705457
1790,32027,0.8042351547460388
1791,32029,0.8251870324189526
1792,32031,0.7642848837347268
1793,32033,0.7833499501495513
1794,32510,0.7862466982668163
1795,33000,0.7818150052792696
1796,33001,0.7922879776328052
1797,33003,0.8135221046467858
1798,33005,0.8040380201511989
1799,33007,0.8108606867342308
1800,33009,0.8161538634170425
1801,33011,0.7652181942049456
1802,33013,0.7818566697394926
1803,33015,0.7715692883007083
1804,33017,0.7935733253209684
1805,33019,0.7896301037904074
1806,34000,0.7651002161764007
1807,34001,0.7672983693256942
1808,34003,0.7741670680885102
1809,34005,0.7676953384410363
1810,34007,0.7564191668759503
1811,34009,0.8113504343803012
1812,34011,0.7596846358780864
1813,34013,0.7513702710183694
1814,34015,0.7562819125319126
1815,34017,0.7932066357017403
1816,34019,0.7645715977530015
1817,34021,0.7735905684109431
1818,34023,0.7710005951660661
1819,34025,0.7615739712554332
1820,34027,0.7609166402587166
1821,34029,0.7659959727143593
1822,34031,0.7513836073946683
1823,34033,0.7652951591180788
1824,34035,0.7500803848579661
1825,34037,0.7603389944059223
1826,34039,0.755343439596346
1827,34041,0.7643984837890553
1828,35000,0.7481170893836816
1829,35001,0.7598269752054141
1830,35003,0.8416107382550335
1831,35005,0.7199634397136111
1832,35006,0.7488700253555286
1833,35007,0.7935272727272727
1834,35009,0.7164503059368281
1835,35011,0.7769535113748763
1836,35013,0.7330344639707885
1837,35015,0.7392669378959297
1838,35017,0.780680355085722
1839,35019,0.7821634307659484
1840,35021,0.8676258992805755
1841,35023,0.7421332243563548
1842,35025,0.7060268512367327
1843,35027,0.8103137044445529
1844,35028,0.7577715877437325
1845,35029,0.7352062163777645
1846,35031,0.6870558943658032
1847,35033,0.786519155910674
1848,35035,0.7498158220605985
1849,35037,0.7823249640526491
1850,35039,0.7536898076827511
1851,35041,0.7344553058550841
1852,35043,0.7327551478021602
1853,35045,0.7104749161822153
1854,35047,0.7801517368080836
1855,35049,0.7902753693556218
1856,35051,0.8391725058391725
1857,35053,0.7609985447218179
1858,35055,0.79409175091842
1859,35057,0.7588353781358725
1860,35059,0.7955594636183777
1861,35061,0.736420744687798
1862,36000,0.7768135909285646
1863,36001,0.800689668774901
1864,36003,0.7839251419932171
1865,36005,0.7341752412086278
1866,36007,0.7978115653040877
1867,36009,0.7659150615685347
1868,36011,0.7838452502936546
1869,36013,0.7817278825840406
1870,36015,0.7762017336485422
1871,36017,0.7725894962061929
1872,36019,0.8065215273719073
1873,36021,0.7970235831114493
1874,36023,0.7889776228311983
1875,36025,0.8039808253438933
1876,36027,0.7782465175065885
1877,36029,0.7835306406685236
1878,36031,0.8073152146304292
1879,36033,0.7922440357371267
1880,36035,0.7780338909798131
1881,36037,0.7793072454601442
1882,36039,0.8073586477316592
1883,36041,0.8356079404466501
1884,36043,0.7783908616066585
1885,36045,0.7450464169871547
1886,36047,0.7626949335249731
1887,36049,0.7525381179163436
1888,36051,0.7978835655192452
1889,36053,0.7820729282971597
1890,36055,0.7733588233397461
1891,36057,0.7650092594436368
1892,36059,0.7673963742560834
1893,36061,0.852172904135451
1894,36063,0.7852348373208173
1895,36065,0.7812609099191921
1896,36067,0.7703446917302249
1897,36069,0.7748561581010089
1898,36071,0.7276677583667952
1899,36073,0.7775342210199846
1900,36075,0.7688704354306398
1901,36077,0.8133924412534734
1902,36079,0.7628121552502256
1903,36081,0.7929365470013744
1904,36083,0.7869333684586869
1905,36085,0.7670279265248651
1906,36087,0.7190129841796418
1907,36089,0.7873490316586865
1908,36091,0.7729762712481842
1909,36093,0.770505470926212
1910,36095,0.800543528046658
1911,36097,0.787930000545167
1912,36099,0.7867010864940002
1913,36101,0.7656530962723508
1914,36103,0.7604915123715137
1915,36105,0.7733503552684179
1916,36107,0.7657310513447433
1917,36109,0.8359753455948958
1918,36111,0.7982607552070491
1919,36113,0.7938575798621151
1920,36115,0.7893413059984814
1921,36117,0.7621998037793798
1922,36119,0.7597757063700529
1923,36121,0.7935238998932511
1924,36123,0.7548130029982641
1925,37000,0.7607216121092135
1926,37001,0.7654816020538473
1927,37003,0.7727565998171945
1928,37005,0.7996414164051995
1929,37007,0.7786106575627134
1930,37009,0.8056889410212236
1931,37011,0.8281170983873687
1932,37013,0.779580811993551
1933,37015,0.7915609435203458
1934,37017,0.769337880079568
1935,37019,0.8123353594400127
1936,37021,0.7950637383663844
1937,37023,0.7779391059486096
1938,37025,0.7259663728645983
1939,37027,0.7737417047055848
1940,37029,0.7437875751503006
1941,37031,0.8108140636988671
1942,37033,0.7938783253931447
1943,37035,0.761625571722878
1944,37037,0.7820486575860168
1945,37039,0.8073531555166885
1946,37041,0.7757723247481917
1947,37043,0.8126948143950128
1948,37045,0.7655131629927201
1949,37047,0.7670832042411099
1950,37049,0.7661658857060045
1951,37051,0.732208207719351
1952,37053,0.7625599864101584
1953,37055,0.7997641509433963
1954,37057,0.7613428455653926
1955,37059,0.7635548011639185
1956,37061,0.745833689428254
1957,37063,0.7745742506175561
1958,37065,0.7545798557080209
1959,37067,0.7564633416032167
1960,37069,0.7548293439350698
1961,37071,0.7610657686596858
1962,37073,0.7619906534393703
1963,37075,0.7841101455817627
1964,37077,0.777471793844716
1965,37079,0.7681864993914428
1966,37081,0.7655987027186398
1967,37083,0.769285622862994
1968,37085,0.7224663841364516
1969,37087,0.8046107459855004
1970,37089,0.7942758103803635
1971,37091,0.7893307389841502
1972,37093,0.6978829442835236
1973,37095,0.8148020654044751
1974,37097,0.7454480453094325
1975,37099,0.8231233393757295
1976,37101,0.7218702258435084
1977,37103,0.7825273318231065
1978,37105,0.7431998064493831
1979,37107,0.75910580721069
1980,37109,0.7638663514981153
1981,37111,0.7825362254422615
1982,37113,0.8073816402334768
1983,37115,0.8029281448661144
1984,37117,0.7782085288716588
1985,37119,0.7462691436102424
1986,37121,0.8051864689646319
1987,37123,0.7573206705518383
1988,37125,0.7830067877661564
1989,37127,0.7606949081803005
1990,37129,0.8005940779702665
1991,37131,0.7918457848771437
1992,37133,0.7472155345048714
1993,37135,0.7909656878498665
1994,37137,0.8209068776628119
1995,37139,0.7737635572169893
1996,37141,0.7723155294252829
1997,37143,0.7941723035754107
1998,37145,0.7690553415771336
1999,37147,0.7752099341056689
2000,37149,0.8079960994636762
2001,37151,0.7551075117105931
2002,37153,0.7559981989322241
2003,37155,0.7322237791425675
2004,37157,0.7779972875708809
2005,37159,0.7620279134279192
2006,37161,0.77549034065772
2007,37163,0.7433904557708376
2008,37165,0.7490665707885057
2009,37167,0.773326731039036
2010,37169,0.7780426573279045
2011,37171,0.7663051592849484
2012,37173,0.7661826764895215
2013,37175,0.8237533998186763
2014,37177,0.8196051735874744
2015,37179,0.6975538024362617
2016,37181,0.7459160759103518
2017,37183,0.7396061900591903
2018,37185,0.7969673850848751
2019,37187,0.7699576655579075
2020,37189,0.8615086434738346
2021,37191,0.7514006344649862
2022,37193,0.7759446207095472
2023,37195,0.7531575448703745
2024,37197,0.767275946466698
2025,37199,0.8000897968346615
2026,38000,0.7771736463913433
2027,38001,0.8096457533077251
2028,38003,0.7939634917766131
2029,38005,0.6638138138138138
2030,38007,0.8237547892720306
2031,38009,0.8099237828589205
2032,38011,0.7854649317676928
2033,38013,0.7921747967479674
2034,38015,0.7744010429478034
2035,38017,0.7819439437033476
2036,38019,0.8031555221637866
2037,38021,0.7702779353374929
2038,38023,0.8290680830516659
2039,38025,0.7802601809954751
2040,38027,0.7911949685534592
2041,38029,0.7861971830985915
2042,38031,0.7822315285671553
2043,38033,0.7595238095238095
2044,38035,0.7992701275781098
2045,38037,0.8120300751879699
2046,38039,0.8103305785123966
2047,38041,0.8110617682680662
2048,38043,0.7852156057494867
2049,38045,0.7890794877989853
2050,38047,0.7889447236180904
2051,38049,0.7814643188137164
2052,38051,0.817372730509078
2053,38053,0.7341194968553459
2054,38055,0.8028341887971435
2055,38057,0.7864434947768281
2056,38059,0.7611663208474391
2057,38061,0.7615013684347712
2058,38063,0.8208573256557902
2059,38065,0.7778981581798483
2060,38067,0.7841629569674895
2061,38069,0.7847142529263255
2062,38071,0.7803685267662213
2063,38073,0.7652556349642661
2064,38075,0.7838056680161943
2065,38077,0.7756264934746645
2066,38079,0.6656382291741407
2067,38081,0.7722642987725254
2068,38083,0.8402725208175624
2069,38085,0.6349626775824705
2070,38087,0.7991746905089409
2071,38089,0.7856936237034589
2072,38091,0.7868354430379747
2073,38093,0.794739336492891
2074,38095,0.8076580587711487
2075,38097,0.7771210442063785
2076,38099,0.7781275294540876
2077,38101,0.7648642075395217
2078,38103,0.8183979082481578
2079,38105,0.7693990534869185
2080,39000,0.7632947554995864
2081,39001,0.7500875656742557
2082,39003,0.7607000780581392
2083,39005,0.7614558045879674
2084,39007,0.7634708415027045
2085,39009,0.8417313958336551
2086,39011,0.7461098174062548
2087,39013,0.8031960227272728
2088,39015,0.7538687954332605
2089,39017,0.7484475592861217
2090,39019,0.7698363157164655
2091,39021,0.7496072025338554
2092,39023,0.7640259374118974
2093,39025,0.7436702928107092
2094,39027,0.7558991436726926
2095,39029,0.7813076659155609
2096,39031,0.7593832145470313
2097,39033,0.7685684268225836
2098,39035,0.7732544241876946
2099,39037,0.7505051077248438
2100,39039,0.7540026129057048
2101,39041,0.7101036656066677
2102,39043,0.7775658739734558
2103,39045,0.7372054517091327
2104,39047,0.7532552531863589
2105,39049,0.7605822175081269
2106,39051,0.7421659094102768
2107,39053,0.7623327083468029
2108,39055,0.7404726466714495
2109,39057,0.7825564914930093
2110,39059,0.7601466809688927
2111,39061,0.7636513645756219
2112,39063,0.7642748254927656
2113,39065,0.764177428411005
2114,39067,0.7811396873424105
2115,39069,0.7485734538366118
2116,39071,0.7455321296657413
2117,39073,0.761572498298162
2118,39075,0.6574847755275457
2119,39077,0.737245496930869
2120,39079,0.7545522949586155
2121,39081,0.7983904517350701
2122,39083,0.7586874805075425
2123,39085,0.778187366599867
2124,39087,0.7654283426741393
2125,39089,0.7529911347091752
2126,39091,0.7466309040952506
2127,39093,0.7608210886791702
2128,39095,0.7597704921743264
2129,39097,0.7742143432715552
2130,39099,0.7850374545165247
2131,39101,0.7785146088028752
2132,39103,0.7461817886405311
2133,39105,0.7722339082877577
2134,39107,0.736046454647915
2135,39109,0.7583751195051996
2136,39111,0.7850703455812047
2137,39113,0.7696378418882077
2138,39115,0.7661751029626678
2139,39117,0.741780802251127
2140,39119,0.7600785370727513
2141,39121,0.8090133151246159
2142,39123,0.7925316211258087
2143,39125,0.7482410523095748
2144,39127,0.73844916523379
2145,39129,0.7637796689288664
2146,39131,0.75199414817653
2147,39133,0.7913628507176974
2148,39135,0.7577951265673054
2149,39137,0.7333256036406852
2150,39139,0.7749025908817031
2151,39141,0.7747361139577782
2152,39143,0.7560383302704122
2153,39145,0.7724499679241248
2154,39147,0.7644197726671953
2155,39149,0.72680735689861
2156,39151,0.7710617541654907
2157,39153,0.771909683063821
2158,39155,0.7782722811822436
2159,39157,0.7627616599338964
2160,39159,0.7275334608030593
2161,39161,0.750765377122182
2162,39163,0.7517677707480461
2163,39165,0.7250732276097474
2164,39167,0.7905241348052705
2165,39169,0.7455029689137268
2166,39171,0.7630572233143829
2167,39173,0.7826485400994517
2168,39175,0.75675436657086
2169,40000,0.7521783485469635
2170,40001,0.7197460653352731
2171,40003,0.8195675292449486
2172,40005,0.7639261035114935
2173,40007,0.7393541518807665
2174,40009,0.7586690175866901
2175,40011,0.7863183454743364
2176,40013,0.7662910222557525
2177,40015,0.7469932432432432
2178,40017,0.7308834093525242
2179,40019,0.7424774481148937
2180,40021,0.7588056270883435
2181,40023,0.7580401183821112
2182,40025,0.7454545454545455
2183,40027,0.7686223143242557
2184,40029,0.7449789029535865
2185,40031,0.749117632838563
2186,40033,0.7539157112869369
2187,40035,0.7729057156164748
2188,40037,0.7509111438249461
2189,40039,0.7666460373511959
2190,40041,0.7756646660399643
2191,40043,0.7461538461538462
2192,40045,0.751626114189352
2193,40047,0.753251898316276
2194,40049,0.7558384102117783
2195,40051,0.748736434552078
2196,40053,0.7733598409542743
2197,40055,0.8023721750280494
2198,40057,0.7419575633127995
2199,40059,0.7476255088195387
2200,40061,0.7453206985668416
2201,40063,0.7781189745054631
2202,40065,0.738826287529305
2203,40067,0.7581891223733004
2204,40069,0.7548599069088254
2205,40071,0.7469825179330785
2206,40073,0.734268990288679
2207,40075,0.7663561295786576
2208,40077,0.7603550295857988
2209,40079,0.7529969831692601
2210,40081,0.7449595891809879
2211,40083,0.7497849359587077
2212,40085,0.7565531147193039
2213,40087,0.7335246044166231
2214,40089,0.7406111429519472
2215,40091,0.7897985384159589
2216,40093,0.7677693636242859
2217,40095,0.7611742424242425
2218,40097,0.7451707506241062
2219,40099,0.7611951364175563
2220,40101,0.753331455134526
2221,40103,0.7530490442003287
2222,40105,0.7577828397873956
2223,40107,0.7668772044951193
2224,40109,0.7479687128200347
2225,40111,0.7536000399311188
2226,40113,0.7566354903943378
2227,40115,0.7533283094699824
2228,40117,0.7535139048078663
2229,40119,0.8109114414996768
2230,40121,0.779217662586993
2231,40123,0.7663768270564387
2232,40125,0.7500792027879382
2233,40127,0.7757518147251987
2234,40129,0.7488346586235262
2235,40131,0.7386111270928025
2236,40133,0.7427203516207519
2237,40135,0.7422566110731051
2238,40137,0.7597229621736814
2239,40139,0.7122093023255814
2240,40141,0.7528778778778779
2241,40143,0.7443234455247986
2242,40145,0.7336252308955326
2243,40147,0.76551710608914
2244,40149,0.7418522658870066
2245,40151,0.8122324847938724
2246,40153,0.7567352223494845
2247,41000,0.7738354832091471
2248,41001,0.7967026155943969
2249,41003,0.8218137627221631
2250,41005,0.7626784612438563
2251,41007,0.794783876454548
2252,41009,0.7645640412554964
2253,41011,0.8107640816585505
2254,41013,0.7807226618362093
2255,41015,0.8430066177785727
2256,41017,0.7703651106616878
2257,41019,0.7947932049745976
2258,41021,0.8113308391234634
2259,41023,0.8079247817327065
2260,41025,0.7758016707087039
2261,41027,0.7401324621856261
2262,41029,0.7819355727685207
2263,41031,0.7472375690607734
2264,41033,0.795884564699624
2265,41035,0.7769960831575776
2266,41037,0.8068397720075997
2267,41039,0.8018594600742078
2268,41041,0.8272363904939827
2269,41043,0.7585281815688426
2270,41045,0.744387315172612
2271,41047,0.7355796216721899
2272,41049,0.71449028908977
2273,41051,0.7950822347395877
2274,41053,0.7568664376748936
2275,41055,0.8022662889518414
2276,41057,0.8017821782178218
2277,41059,0.7338217660003427
2278,41061,0.7748562995184092
2279,41063,0.8117865296803652
2280,41065,0.768056161503986
2281,41067,0.7435615714258745
2282,41069,0.8202637057598889
2283,41071,0.7496899982861693
2284,42000,0.7801864516875145
2285,42001,0.7787332235447257
2286,42003,0.8024576817062684
2287,42005,0.7941863332414674
2288,42007,0.7954837309940834
2289,42009,0.784192757525823
2290,42011,0.7614827849368805
2291,42013,0.7885104139618693
2292,42015,0.772635814889336
2293,42017,0.7704690451324192
2294,42019,0.7755599308176785
2295,42021,0.8034855476444017
2296,42023,0.8062930186823992
2297,42025,0.7924872411837729
2298,42027,0.8408208325215923
2299,42029,0.7513359765557662
2300,42031,0.8060668200460138
2301,42033,0.8003968545601529
2302,42035,0.7931342066364239
2303,42037,0.8134185303514377
2304,42039,0.775688616008562
2305,42041,0.7930723940766166
2306,42043,0.767941066766132
2307,42045,0.7666960655051442
2308,42047,0.7918049208038566
2309,42049,0.7725740111061212
2310,42051,0.7973734682224792
2311,42053,0.8759720062208398
2312,42055,0.7611249983290781
2313,42057,0.7688784102391377
2314,42059,0.801478571059298
2315,42061,0.7986626881275456
2316,42063,0.8104635463546355
2317,42065,0.784137168141593
2318,42067,0.759985387238188
2319,42069,0.7950586885658725
2320,42071,0.7516291426426281
2321,42073,0.7875927470694122
2322,42075,0.7696678845232391
2323,42077,0.763431445763483
2324,42079,0.7980792601225235
2325,42081,0.7914753985410512
2326,42083,0.7894361334867664
2327,42085,0.7836982801488366
2328,42087,0.7689901889379204
2329,42089,0.7611073821551795
2330,42091,0.7705901179435761
2331,42093,0.7879235780368972
2332,42095,0.781090567115052
2333,42097,0.7943149119837508
2334,42099,0.7671039178576867
2335,42101,0.774681750923653
2336,42103,0.7671564782373755
2337,42105,0.776536632869336
2338,42107,0.7994591641996371
2339,42109,0.7759810588887209
2340,42111,0.8053690411875177
2341,42113,0.8403858120721842
2342,42115,0.7885644432143186
2343,42117,0.7953836259260142
2344,42119,0.8151155805726745
2345,42121,0.7848101265822784
2346,42123,0.7915102236039698
2347,42125,0.7946107208160909
2348,42127,0.8098898186361744
2349,42129,0.801157820077827
2350,42131,0.7825364266515773
2351,42133,0.7654699612848643
2352,44000,0.7872287464835968
2353,44001,0.7962907268170426
2354,44003,0.7938468204961543
2355,44005,0.8018289740372551
2356,44007,0.78038575511396
2357,44009,0.7992502697296403
2358,45000,0.766402384763664
2359,45001,0.7723177400952118
2360,45003,0.7699673327128839
2361,45005,0.776754007102409
2362,45007,0.7604555219477785
2363,45009,0.7765059110527304
2364,45011,0.7436894920648954
2365,45013,0.7882798197653992
2366,45015,0.7471815027861654
2367,45017,0.7828665568369028
2368,45019,0.792529603750903
2369,45021,0.7532796068085722
2370,45023,0.7607724803862402
2371,45025,0.7527068087473788
2372,45027,0.7767006948614567
2373,45029,0.755939524838013
2374,45031,0.757458394606951
2375,45033,0.7325806250389869
2376,45035,0.7288565047050639
2377,45037,0.7861404483972577
2378,45039,0.7732927032893638
2379,45041,0.753807940972349
2380,45043,0.7835699325110542
2381,45045,0.757732838384398
2382,45047,0.7630381418584287
2383,45049,0.7586059743954481
2384,45051,0.7985747759858295
2385,45053,0.7521491706017678
2386,45055,0.7546234014619836
2387,45057,0.7673772373845431
2388,45059,0.7681440401581076
2389,45061,0.7781997918834548
2390,45063,0.755471795907634
2391,45065,0.8551744356493697
2392,45067,0.7558828866977194
2393,45069,0.7814606159057133
2394,45071,0.7722085954996267
2395,45073,0.7885234203546376
2396,45075,0.7682295326537011
2397,45077,0.7962910152318325
2398,45079,0.772296256996026
2399,45081,0.7695094339622641
2400,45083,0.7557218077641423
2401,45085,0.7447234216795712
2402,45087,0.7721073167363005
2403,45089,0.7640531040292827
2404,45091,0.7445780787621697
2405,46000,0.7509187157630991
2406,46003,0.7324723247232472
2407,46005,0.7575008621680653
2408,46007,0.6534538035558146
2409,46009,0.8026874115983027
2410,46011,0.8111058970749258
2411,46013,0.7680600038323615
2412,46015,0.7415794481446242
2413,46017,0.6077405857740585
2414,46019,0.750049455984174
2415,46021,0.8096862210095498
2416,46023,0.7036915324789134
2417,46025,0.7626659441885668
2418,46027,0.8251586843623774
2419,46029,0.7521210563044037
2420,46031,0.6567901234567901
2421,46033,0.8016066212268744
2422,46035,0.7649200164068909
2423,46037,0.7816112084063047
2424,46039,0.7644362969752521
2425,46041,0.6598754951895869
2426,46043,0.7711525649566955
2427,46045,0.7600098255956768
2428,46047,0.8119537637440091
2429,46049,0.7652284263959391
2430,46051,0.7687601957585645
2431,46053,0.7742917349566846
2432,46055,0.7774909654104285
2433,46057,0.6942232763001863
2434,46059,0.7916059457883999
2435,46061,0.6754728309816872
2436,46063,0.7673306772908367
2437,46065,0.7628363294559981
2438,46067,0.7627672613373281
2439,46069,0.776056338028169
2440,46071,0.6710656548993732
2441,46073,0.7899565427329792
2442,46075,0.7763419483101391
2443,46077,0.7812742812742812
2444,46079,0.7834821428571429
2445,46081,0.8041249948126323
2446,46083,0.7033327384670295
2447,46085,0.7054593874833556
2448,46087,0.741189035243859
2449,46089,0.7820252135014233
2450,46091,0.7774914089347079
2451,46093,0.7477785641267595
2452,46095,0.67724609375
2453,46097,0.7588949351192967
2454,46099,0.7488434394693984
2455,46101,0.7386679000925069
2456,46103,0.7539624361057178
2457,46105,0.7857142857142857
2458,46107,0.8042078145126664
2459,46109,0.7162281998226426
2460,46111,0.7821656050955414
2461,46113,0.6068011187987634
2462,46115,0.7510522213561964
2463,46117,0.7569116655428186
2464,46119,0.774217042971595
2465,46121,0.5987307532251352
2466,46123,0.7655917788802268
2467,46125,0.7623098119084701
2468,46127,0.738384610042364
2469,46129,0.7785950717175432
2470,46135,0.7783224886353507
2471,46137,0.609068189932167
2472,47000,0.7642646946434073
2473,47001,0.7808569260871301
2474,47003,0.7321452350304053
2475,47005,0.7949542118988416
2476,47007,0.7850264057160609
2477,47009,0.7774489878871637
2478,47011,0.7702575710113881
2479,47013,0.7802092543471854
2480,47015,0.7753061372364322
2481,47017,0.7807657247037375
2482,47019,0.7991780440234049
2483,47021,0.7506201253036696
2484,47023,0.7670889031580176
2485,47025,0.789681184614907
2486,47027,0.7912479328329729
2487,47029,0.7854579103807975
2488,47031,0.7564209409803773
2489,47033,0.755176196352667
2490,47035,0.8094838813266017
2491,47037,0.7823597651755837
2492,47039,0.7852343284851577
2493,47041,0.7708166426320568
2494,47043,0.7495872427817823
2495,47045,0.7508282248597887
2496,47047,0.7688803269726394
2497,47049,0.7686953616571078
2498,47051,0.7817645912501218
2499,47053,0.7504377754966488
2500,47055,0.7792436832287604
2501,47057,0.7771990996160127
2502,47059,0.7881332539117549
2503,47061,0.7688097496898489
2504,47063,0.7643259145561525
2505,47065,0.7841932099517629
2506,47067,0.7806129931074938
2507,47069,0.7880233368803434
2508,47071,0.7831015138707447
2509,47073,0.7767142329280524
2510,47075,0.7439718954596264
2511,47077,0.7566711080701501
2512,47079,0.7826167646149087
2513,47081,0.774726609963548
2514,47083,0.7635888915262283
2515,47085,0.7684216204552811
2516,47087,0.796270836913559
2517,47089,0.7790378742194642
2518,47091,0.8157202367901776
2519,47093,0.7813875148649086
2520,47095,0.8328651685393258
2521,47097,0.7574330397267661
2522,47099,0.7485251618142301
2523,47101,0.761697228846312
2524,47103,0.7666137106201852
2525,47105,0.7967707389406047
2526,47107,0.7743274786668197
2527,47109,0.7653691275167785
2528,47111,0.7497752606975908
2529,47113,0.7595580605123405
2530,47115,0.78195275702093
2531,47117,0.75340497109449
2532,47119,0.7571890903700775
2533,47121,0.7850761507700161
2534,47123,0.7713785125452054
2535,47125,0.7202244517817455
2536,47127,0.778214397988054
2537,47129,0.7897393914585892
2538,47131,0.7714654006979595
2539,47133,0.7677398904134402
2540,47135,0.7743524952621604
2541,47137,0.8081544219026985
2542,47139,0.7786032689450223
2543,47141,0.7847513170448418
2544,47143,0.7656009305542456
2545,47145,0.7917166534393976
2546,47147,0.7428903338714301
2547,47149,0.7383360497174453
2548,47151,0.7467158538779918
2549,47153,0.7644557823129252
2550,47155,0.7787048470891877
2551,47157,0.7361681852089811
2552,47159,0.7577480955859335
2553,47161,0.7713899729810868
2554,47163,0.7940799500073331
2555,47165,0.7470820753836098
2556,47167,0.72772220494098
2557,47169,0.7541296060991105
2558,47171,0.7984491891006389
2559,47173,0.7612119943482129
2560,47175,0.7914563806777217
2561,47177,0.7565450940033636
2562,47179,0.7981200042283642
2563,47181,0.8041243170201515
2564,47183,0.7992632991633591
2565,47185,0.7753569908285283
2566,47187,0.7072365188719416
2567,47189,0.7494495276025721
2568,48000,0.7269568175472403
2569,48001,0.8037052242635738
2570,48003,0.7083727850669552
2571,48005,0.7325604176510585
2572,48007,0.8046895241385267
2573,48009,0.7586702010161255
2574,48011,0.7774855339295108
2575,48013,0.7136113646990715
2576,48015,0.7491290424745751
2577,48017,0.690718771807397
2578,48019,0.8036123993165731
2579,48021,0.7377411656847016
2580,48023,0.7938808373590982
2581,48025,0.7806409089482439
2582,48027,0.7159669282962915
2583,48029,0.7286602949778193
2584,48031,0.7814613699152139
2585,48033,0.7847113884555382
2586,48035,0.7709751811992093
2587,48037,0.7574461189434452
2588,48039,0.7222399621925751
2589,48041,0.7955822654233234
2590,48043,0.7966854419410745
2591,48045,0.7788637751985339
2592,48047,0.7222760625778762
2593,48049,0.7606413688133102
2594,48051,0.7646476988421481
2595,48053,0.7679298245614035
2596,48055,0.7357747070876898
2597,48057,0.7347645105467471
2598,48059,0.7618871825162433
2599,48061,0.6696396041553838
2600,48063,0.7294573018304975
2601,48065,0.7432869621481721
2602,48067,0.7680869222689075
2603,48069,0.6870503597122302
2604,48071,0.7147538180989287
2605,48073,0.7409184777264235
2606,48075,0.7858258770061071
2607,48077,0.7728794642857143
2608,48079,0.7064278861528621
2609,48081,0.7894578313253012
2610,48083,0.7775154581225407
2611,48085,0.712814488822649
2612,48087,0.7235852142623487
2613,48089,0.7620005748778385
2614,48091,0.7631001548786783
2615,48093,0.7581222269929869
2616,48095,0.8588206508441399
2617,48097,0.7442308192626896
2618,48099,0.7213747546028546
2619,48101,0.7674418604651163
2620,48103,0.7053714285714285
2621,48105,0.7327238504974456
2622,48107,0.7116685921769269
2623,48109,0.7218515429524603
2624,48111,0.7011785767566762
2625,48113,0.7237227206680014
2626,48115,0.7526205450733753
2627,48117,0.6778339871980178
2628,48119,0.7734658765054483
2629,48121,0.7249378974787735
2630,48123,0.776434293675673
2631,48125,0.7986906710310966
2632,48127,0.699779911964786
2633,48129,0.7938536850693501
2634,48131,0.7390086572738075
2635,48133,0.7760318570736695
2636,48135,0.7097061182819223
2637,48137,0.7917082917082917
2638,48139,0.71048058284874
2639,48141,0.6992270001636177
2640,48143,0.7770387965162312
2641,48145,0.7829956341654539
2642,48147,0.7787704555506413
2643,48149,0.7805245581168038
2644,48151,0.774031202818319
2645,48153,0.711138690660875
2646,48155,0.7919161676646707
2647,48157,0.7030365150544523
2648,48159,0.7546440358321547
2649,48161,0.7663504238998788
2650,48163,0.7526282162978452
2651,48165,0.6516033321921716
2652,48167,0.7454009316567631
2653,48169,0.8025073518031265
2654,48171,0.7970366791480452
2655,48173,0.7128874388254486
2656,48175,0.7714285714285715
2657,48177,0.7289847023779472
2658,48179,0.7527845573552252
2659,48181,0.7589946805430313
2660,48183,0.7451655302719132
2661,48185,0.7722522928882875
2662,48187,0.7232329529471692
2663,48189,0.7123480274584402
2664,48191,0.741425589024754
2665,48193,0.7867793824116472
2666,48195,0.6965971851060039
2667,48197,0.7538052669726987
2668,48199,0.7417406424453189
2669,48201,0.7195243739766238
2670,48203,0.7412655604820892
2671,48205,0.7741669416034312
2672,48207,0.7918291235802678
2673,48209,0.7532827945285697
2674,48211,0.706855791962175
2675,48213,0.7728059899149391
2676,48215,0.6534657426923379
2677,48217,0.7571888626065149
2678,48219,0.7284935687813385
2679,48221,0.7869954280801844
2680,48223,0.7442052273826114
2681,48225,0.7924321591100624
2682,48227,0.7755912258654176
2683,48229,0.6987917146144994
2684,48231,0.7513148881329169
2685,48233,0.7368848758465011
2686,48235,0.7698561601000625
2687,48237,0.7797434763379035
2688,48239,0.7457193605683836
2689,48241,0.7509101092131055
2690,48243,0.8018787361229718
2691,48245,0.7605847633317874
2692,48247,0.709811320754717
2693,48249,0.7120818845193202
2694,48251,0.727370903838764
2695,48253,0.8151668151668152
2696,48255,0.8001888828926066
2697,48257,0.7121044992743106
2698,48259,0.7575875486381323
2699,48261,0.7548076923076923
2700,48263,0.7710396039603961
2701,48265,0.798206549118388
2702,48267,0.7961797265031474
2703,48269,0.7622377622377622
2704,48271,0.7987770983879934
2705,48273,0.7489161286297994
2706,48275,0.7467061037913417
2707,48277,0.757094370694676
2708,48279,0.7072333118694999
2709,48281,0.7521979976622453
2710,48283,0.7830380482137671
2711,48285,0.7690910034781706
2712,48287,0.7384420900553816
2713,48289,0.7768585203261711
2714,48291,0.7439683777745463
2715,48293,0.7640694491960315
2716,48295,0.724106602059358
2717,48297,0.7958546526753968
2718,48299,0.8405782083829854
2719,48301,0.8902439024390244
2720,48303,0.756619601120392
2721,48305,0.7218934911242604
2722,48307,0.7538331522395267
2723,48309,0.745664223136063
2724,48311,0.8316831683168316
2725,48313,0.7804449648711944
2726,48315,0.8095012326948606
2727,48317,0.6966034590539696
2728,48319,0.7878863409770688
2729,48321,0.7364993733311536
2730,48323,0.6622986472040989
2731,48325,0.7420988566708691
2732,48327,0.804192685102587
2733,48329,0.7258095154596996
2734,48331,0.7353475784626571
2735,48333,0.7574959481361426
2736,48335,0.8064447516749973
2737,48337,0.7704244637151986
2738,48339,0.7235762903020542
2739,48341,0.6804693206720234
2740,48343,0.7670480903046235
2741,48345,0.7818181818181819
2742,48347,0.766582976876821
2743,48349,0.7292762124227506
2744,48351,0.7678781585323642
2745,48353,0.7413906414300736
2746,48355,0.7405966086948854
2747,48357,0.6839479604812677
2748,48359,0.6598440545808967
2749,48361,0.7494165230885785
2750,48363,0.7498843868948099
2751,48365,0.7533198856950748
2752,48367,0.744550018387541
2753,48369,0.6870191839516993
2754,48371,0.7535306635712904
2755,48373,0.7891132495100522
2756,48375,0.7220437256861563
2757,48377,0.7104118700434894
2758,48379,0.7834890965732088
2759,48381,0.750648167322427
2760,48383,0.7000297000297
2761,48385,0.800543970988214
2762,48387,0.7863919129082426
2763,48389,0.7720380178480737
2764,48391,0.7587701476364621
2765,48393,0.7459634015069968
2766,48395,0.746540729154133
2767,48397,0.699924684376476
2768,48399,0.7493572040758023
2769,48401,0.7678792424526533
2770,48403,0.8043197341702049
2771,48405,0.7895093062605752
2772,48407,0.7602334748332322
2773,48409,0.7179958027282266
2774,48411,0.7904093948784864
2775,48413,0.681305980930367
2776,48415,0.7497783818923232
2777,48417,0.7531083481349912
2778,48419,0.7356570260924238
2779,48421,0.6980883322346737
2780,48423,0.7434792145493386
2781,48425,0.7354534746760896
2782,48427,0.6608384726413856
2783,48429,0.7606438213914849
2784,48431,0.7559055118110236
2785,48433,0.77248322147651
2786,48435,0.7252906976744186
2787,48437,0.7387318563789153
2788,48439,0.7197062078435231
2789,48441,0.7554636290359376
2790,48443,0.7784552845528455
2791,48445,0.7408110030827603
2792,48447,0.7769652650822669
2793,48449,0.6943465083194161
2794,48451,0.7647154884598636
2795,48453,0.7607681988858362
2796,48455,0.7914981145011999
2797,48457,0.8000551318570247
2798,48459,0.7526775038795187
2799,48461,0.7272727272727273
2800,48463,0.7109259609922364
2801,48465,0.7020397307637226
2802,48467,0.7594096502405904
2803,48469,0.7329623356722317
2804,48471,0.833217901298242
2805,48473,0.7533618794121051
2806,48475,0.726027397260274
2807,48477,0.7790497657037784
2808,48479,0.6477962797238558
2809,48481,0.7317829457364341
2810,48483,0.7465804066543438
2811,48485,0.7687528517110266
2812,48487,0.7438492796453638
2813,48489,0.7320412035782055
2814,48491,0.7126613813319328
2815,48493,0.7359150006990074
2816,48495,0.7033755274261604
2817,48497,0.7394929558408172
2818,48499,0.7967781908302355
2819,48501,0.6825739307018657
2820,48503,0.7596226415094339
2821,48505,0.6572264231702097
2822,48507,0.6865633296223345
2823,49000,0.6848541093424654
2824,49001,0.6614874038316488
2825,49003,0.6602701350675337
2826,49005,0.6836475642664395
2827,49007,0.7326543007989534
2828,49009,0.7705382436260623
2829,49011,0.6562929270847269
2830,49013,0.6609340570752943
2831,49015,0.6822157434402333
2832,49017,0.7333720030935809
2833,49019,0.7704065040650406
2834,49021,0.6979399085847974
2835,49023,0.6255123950810072
2836,49025,0.7573333333333333
2837,49027,0.675197952491402
2838,49029,0.6463195691202872
2839,49031,0.699228791773779
2840,49033,0.6890459363957597
2841,49035,0.7088529653136245
2842,49037,0.6597721415977215
2843,49039,0.7002012795629358
2844,49041,0.6827228151139314
2845,49043,0.7227728223763903
2846,49045,0.6389776357827476
2847,49047,0.6668405548054499
2848,49049,0.6477164494622157
2849,49051,0.6608584785380366
2850,49053,0.6981790536871447
2851,49055,0.6983441324694024
2852,49057,0.700258610250999
2853,50000,0.7934720595262257
2854,50001,0.796257570408191
2855,50003,0.7952053872053872
2856,50005,0.7824638934255612
2857,50007,0.7999744482417196
2858,50009,0.8101807802093245
2859,50011,0.7527122690906044
2860,50013,0.796700143472023
2861,50015,0.7766292134831461
2862,50017,0.7909524467790987
2863,50019,0.7871543461496089
2864,50021,0.8072418156451769
2865,50023,0.7930594282258877
2866,50025,0.8014512614292454
2867,50027,0.8014999117698959
2868,51000,0.7683200300361553
2869,51001,0.7911892413460379
2870,51003,0.7849348287359806
2871,51005,0.7876923076923077
2872,51007,0.7776201733648542
2873,51009,0.7854912991067289
2874,51011,0.7779336138382422
2875,51013,0.8428624408193539
2876,51015,0.7863728813559322
2877,51017,0.8300570703868104
2878,51019,0.7771419418719786
2879,51021,0.8212192262602579
2880,51023,0.7757330759020152
2881,51025,0.8068716301479867
2882,51027,0.8127230475558138
2883,51029,0.8077102531202612
2884,51031,0.7803872944093942
2885,51033,0.7602382203538273
2886,51035,0.7930231009919446
2887,51036,0.8207001102535832
2888,51037,0.7695058000953441
2889,51041,0.7390714529655068
2890,51043,0.7704859626621063
2891,51045,0.7859344894026975
2892,51047,0.7411595879114995
2893,51049,0.7724830879426979
2894,51051,0.7910457146450355
2895,51053,0.7721867076175851
2896,51057,0.7801990852838311
2897,51059,0.7571954450572511
2898,51061,0.7477876784810514
2899,51063,0.7809411610707507
2900,51065,0.7696469580787046
2901,51067,0.7920725084136113
2902,51069,0.7487389055615861
2903,51071,0.7833506884183733
2904,51073,0.7791524228118726
2905,51075,0.7973937468342773
2906,51077,0.810081761411189
2907,51079,0.7505298049231104
2908,51081,0.8361512701135343
2909,51083,0.7797246212852846
2910,51085,0.7496770575688694
2911,51087,0.7576946258979914
2912,51089,0.7948699008328562
2913,51091,0.8509263248599741
2914,51093,0.7722994045931386
2915,51095,0.7853273440881076
2916,51097,0.7923686105111591
2917,51099,0.7226933514246947
2918,51101,0.7530593034201444
2919,51103,0.8392590641734703
2920,51105,0.7976706921483566
2921,51107,0.6944263890801157
2922,51109,0.7786625644738032
2923,51111,0.8068762583242992
2924,51113,0.7768259693417493
2925,51115,0.8179995544664737
2926,51117,0.8051761542457299
2927,51119,0.8393101560361347
2928,51121,0.839869904229172
2929,51125,0.80745672436751
2930,51127,0.7774702913885724
2931,51131,0.8033739607716522
2932,51133,0.8360908353609083
2933,51135,0.7941714501987006
2934,51137,0.7711537887159882
2935,51139,0.7840029947591715
2936,51141,0.8071389940508383
2937,51143,0.7876578590999276
2938,51145,0.7690579761819868
2939,51147,0.8263865114686751
2940,51149,0.7746116165150455
2941,51153,0.7110089004532316
2942,51155,0.8049724707501721
2943,51157,0.8013020480130205
2944,51159,0.8280743462286578
2945,51161,0.7822702866545423
2946,51163,0.8088492401488322
2947,51165,0.7631889299473229
2948,51167,0.7956535280478942
2949,51169,0.8068775078741857
2950,51171,0.7802252756411783
2951,51173,0.7914493293591655
2952,51175,0.7890145395799677
2953,51177,0.7218640979762576
2954,51179,0.7115639611975714
2955,51181,0.7893170869934826
2956,51183,0.8322164308761479
2957,51185,0.7964639070056346
2958,51187,0.7583499667332003
2959,51191,0.8040309060427144
2960,51193,0.7998739543944081
2961,51195,0.7923863746019493
2962,51197,0.7910039336411835
2963,51199,0.7360992301112061
2964,51510,0.8287441235728676
2965,51515,0.7945998071359691
2966,51520,0.7921502663302495
2967,51530,0.7858646616541354
2968,51540,0.8510868315123634
2969,51550,0.7411400978358212
2970,51560,
2971,51570,0.7766928952960772
2972,51580,0.7874517698372756
2973,51590,0.7848798049007084
2974,51595,0.7423654462628648
2975,51600,0.7964990028805673
2976,51610,0.7529192345118391
2977,51620,0.7615940340247028
2978,51630,0.8032199621180928
2979,51640,0.7807441067878443
2980,51650,0.772446811606857
2981,51660,0.8497771599133173
2982,51670,0.7488822982603692
2983,51678,0.8986083499005965
2984,51680,0.804493965699767
2985,51683,0.7158456941910579
2986,51685,0.7156168990401457
2987,51690,0.7861949207727371
2988,51700,0.7570095009379202
2989,51710,0.791551175232596
2990,51720,0.7817079332996463
2991,51730,0.7931215299198026
2992,51735,0.7556378600823045
2993,51740,0.7627466373580363
2994,51750,0.8692710872745002
2995,51760,0.8138766196245115
2996,51770,0.7822780113776898
2997,51775,0.80106443028788
2998,51780,
2999,51790,0.8056514781436873
3000,51800,0.7382869303067919
3001,51810,0.7597021877012013
3002,51820,0.766923736075407
3003,51830,0.9001990332669889
3004,51840,0.7778498645193298
3005,53000,0.7648383383844843
3006,53001,0.6522853481418197
3007,53003,0.782453868565879
3008,53005,0.7279094858343276
3009,53007,0.750693553061985
3010,53009,0.8180914234496667
3011,53011,0.735343694679603
3012,53013,0.7981853849926435
3013,53015,0.7586075578556781
3014,53017,0.7275376649059353
3015,53019,0.8016156800423785
3016,53021,0.6582270383685376
3017,53023,0.7996469549867609
3018,53025,0.6945130161579892
3019,53027,0.7840020879981318
3020,53029,0.7924489847909714
3021,53031,0.8511649705409748
3022,53033,0.7858888211722052
3023,53035,0.7750355389375351
3024,53037,0.8170841989490407
3025,53039,0.7793582045476917
3026,53041,0.7686038035915447
3027,53043,0.7733207190160832
3028,53045,0.7961416168305903
3029,53047,0.7649075875486381
3030,53049,0.8208413001912046
3031,53051,0.7840166141066072
3032,53053,0.7508541607721085
3033,53055,0.8419050034878559
3034,53057,0.7627308577343223
3035,53059,0.7778781854328574
3036,53061,0.7558412246700358
3037,53063,0.767620712998784
3038,53065,0.7589074452688889
3039,53067,0.769598515840548
3040,53069,0.8154851684263449
3041,53071,0.77475714941903
3042,53073,0.7901710251566073
3043,53075,0.8494505985349294
3044,53077,0.6956062344026872
3045,54000,0.7909232301885489
3046,54001,0.7828681656519381
3047,54003,0.7483320373623631
3048,54005,0.7716107028299971
3049,54007,0.7928114026027681
3050,54009,0.8098383813203706
3051,54011,0.8036939752281481
3052,54013,0.8014946899173987
3053,54015,0.7635840613679948
3054,54017,0.7956595952206779
3055,54019,0.7946089185255979
3056,54021,0.8554008972736684
3057,54023,0.7857920750607356
3058,54025,0.7994363021420519
3059,54027,0.7752462026372893
3060,54029,0.799158951623419
3061,54031,0.7854545454545454
3062,54033,0.7804309758462495
3063,54035,0.77443428845298
3064,54037,0.7625331788104228
3065,54039,0.7941915333336786
3066,54041,0.7925116051795749
3067,54043,0.7730202578268877
3068,54045,0.7960427836594726
3069,54047,0.8003889115000226
3070,54049,0.8013931723917899
3071,54051,0.7918265019482285
3072,54053,0.7829014785536524
3073,54055,0.7945522292175253
3074,54057,0.79189706507869
3075,54059,0.7795744997950743
3076,54061,0.8414371705704394
3077,54063,0.7898089171974523
3078,54065,0.7947665469471524
3079,54067,0.7884344146685472
3080,54069,0.8095313097675675
3081,54071,0.8098765432098766
3082,54073,0.7960552268244576
3083,54075,0.8210803991283404
3084,54077,0.8045346062052506
3085,54079,0.763471866777205
3086,54081,0.7922875004755323
3087,54083,0.8059513688148274
3088,54085,0.7886879127189205
3089,54087,0.7831301085354415
3090,54089,0.8188411000215409
3091,54091,0.7920094702574726
3092,54093,0.808150119030948
3093,54095,0.7909426585577759
3094,54097,0.7936835161210521
3095,54099,0.7758527341635084
3096,54101,0.7843565654358751
3097,54103,0.7911113791231985
3098,54105,0.7899247857267798
3099,54107,0.7816021896131377
3100,54109,0.7850899310808539
3101,55000,0.764463636801638
3102,55001,0.8361197604790419
3103,55003,0.7682738132078976
3104,55005,0.7787224765642032
3105,55007,0.8099773544691621
3106,55009,0.7507207457854013
3107,55011,0.7776551115036432
3108,55013,0.8006081387073818
3109,55015,0.7296767474627841
3110,55017,0.7643354962749339
3111,55019,0.7091092533871433
3112,55021,0.7665616807136699
3113,55023,0.776255707762557
3114,55025,0.7826472679291827
3115,55027,0.7794139185885375
3116,55029,0.8173114990102573
3117,55031,0.7856609071763401
3118,55033,0.7934423239163646
3119,55035,0.7886080051855453
3120,55037,0.8250056522722135
3121,55039,0.7732626213926579
3122,55041,0.7804170249355116
3123,55043,0.7874160287455085
3124,55045,0.7569893056837306
3125,55047,0.7696708834181932
3126,55049,0.7513826149364631
3127,55051,0.8341784989858012
3128,55053,0.7735341581495427
3129,55055,0.7627201682479746
3130,55057,0.7872412241224123
3131,55059,0.7426543929434103
3132,55061,0.7643141829493536
3133,55063,0.7866152584657793
3134,55065,0.7416844856260394
3135,55067,0.7890073584622316
3136,55069,0.7807466165675121
3137,55071,0.7764052945654576
3138,55073,0.754824224431797
3139,55075,0.794797480179166
3140,55077,0.7997273435471306
3141,55078,0.6741493383742911
3142,55079,0.7505874532437865
3143,55081,0.7387683835874018
3144,55083,0.7761019649495486
3145,55085,0.8155730873937441
3146,55087,0.748583717705651
3147,55089,0.7641993170901094
3148,55091,0.771857008970411
3149,55093,0.7767132304541797
3150,55095,0.7624703087885986
3151,55097,0.7922421057141633
3152,55099,0.8093791934458648
3153,55101,0.7517501842299189
3154,55103,0.7669385716663892
3155,55105,0.7493747310251916
3156,55107,0.775330396475771
3157,55109,0.7286976110024305
3158,55111,0.7617303472311863
3159,55113,0.791387328622335
3160,55115,0.7720565448520823
3161,55117,0.7612092773598137
3162,55119,0.7540238774227851
3163,55121,0.7575999444752916
3164,55123,0.7353978436838746
3165,55125,0.8222585160989268
3166,55127,0.7652306608756896
3167,55129,0.7968700898749292
3168,55131,0.7545095422596617
3169,55133,0.7593942922509112
3170,55135,0.7735165044838771
3171,55137,0.8026616590463749
3172,55139,0.7836329448962238
3173,55141,0.7725186959022863
3174,56000,0.7597662279596754
3175,56001,0.8336868784264029
3176,56003,0.7417723688721289
3177,56005,0.7185962326317387
3178,56007,0.7638652817123072
3179,56009,0.746114364201547
3180,56011,0.7615417196103346
3181,56013,0.7454826408792962
3182,56015,0.7961355574005585
3183,56017,0.799667497921862
3184,56019,0.7787373089041896
3185,56021,0.7558154745034773
3186,56023,0.7181044957472661
3187,56025,0.7611663353214049
3188,56027,0.8107890499194848
3189,56029,0.7904272292146782
3190,56031,0.796353986385139
3191,56033,0.7772702294271191
3192,56035,0.7630526007611984
3193,56037,0.7290553805414783
3194,56039,0.8085845778153471
3195,56041,0.6983142343024907
3196,56043,0.7454588069846478
3197,56045,0.7817702552719201
