,FIPS,property crimes,violent crimes
0,0,9448578,1355301
1,1000,178595,19764
2,1001,1632,116
3,1003,3502,306
4,1005,97,31
5,1007,355,44
6,1009,321,27
7,1011,264,44
8,1013,677,73
9,1015,4535,777
10,1017,1752,193
11,1019,287,18
12,1021,1146,395
13,1023,23,0
14,1025,247,35
15,1027,153,13
16,1029,336,46
17,1031,542,123
18,1033,2163,343
19,1035,220,27
20,1037,268,24
21,1039,803,94
22,1041,261,25
23,1043,1385,151
24,1045,1252,177
25,1047,2717,339
26,1049,1316,122
27,1051,2024,144
28,1053,1107,187
29,1055,3476,374
30,1057,322,25
31,1059,536,64
32,1061,512,59
33,1063,310,98
34,1065,297,76
35,1067,399,57
36,1069,4050,432
37,1071,763,93
38,1073,40488,5389
39,1075,77,10
40,1077,3057,229
41,1079,706,46
42,1081,6422,617
43,1083,1336,100
44,1085,54,11
45,1087,1210,222
46,1089,14365,1557
47,1091,741,116
48,1093,592,58
49,1095,3180,256
50,1097,19570,1912
51,1099,675,121
52,1101,13485,953
53,1103,4970,345
54,1105,339,82
55,1107,265,58
56,1109,1133,81
57,1111,427,35
58,1113,1421,187
59,1115,1734,163
60,1117,3826,269
61,1119,78,11
62,1121,3953,338
63,1123,1525,275
64,1125,8843,852
65,1127,3161,157
66,1129,208,88
67,1131,70,20
68,1133,634,54
69,2000,19789,4434
70,2013,0,0
71,2016,69,16
72,2020,13601,3422
73,2050,94,50
74,2060,52,0
75,2068,0,0
76,2070,59,47
77,2090,1437,290
78,2100,37,8
79,2105,58,6
80,2110,1161,122
81,2122,966,116
82,2130,426,28
83,2150,215,37
84,2164,0,0
85,2170,750,127
86,2180,0,0
87,2185,108,60
88,2188,17,12
89,2195,260,23
90,2198,25,16
91,2220,332,13
92,2230,0,0
93,2240,0,0
94,2261,122,41
95,2270,0,0
96,2275,0,0
97,2282,0,0
98,2290,0,0
99,4000,245762,30947
100,4001,375,34
101,4003,3740,669
102,4005,4886,505
103,4007,1268,264
104,4009,928,521
105,4011,123,21
106,4012,750,159
107,4013,172208,18733
108,4015,7284,717
109,4017,5423,1435
110,4019,27320,5241
111,4021,10625,1140
112,4023,1273,74
113,4025,5088,758
114,4027,4471,676
115,5000,108087,14264
116,5001,806,77
117,5003,507,57
118,5005,1161,46
119,5007,4223,463
120,5009,825,119
121,5011,185,45
122,5013,59,4
123,5015,767,73
124,5017,204,81
125,5019,689,78
126,5021,180,17
127,5023,635,84
128,5025,158,4
129,5027,746,97
130,5029,648,41
131,5031,3802,311
132,5033,1136,69
133,5035,3438,749
134,5037,614,112
135,5039,170,34
136,5041,297,46
137,5043,647,70
138,5045,3924,308
139,5047,323,44
140,5049,143,19
141,5051,6437,642
142,5053,302,32
143,5055,1993,134
144,5057,827,127
145,5059,360,28
146,5061,379,32
147,5063,1206,190
148,5065,102,5
149,5067,659,97
150,5069,5489,928
151,5071,548,37
152,5073,154,39
153,5075,257,41
154,5077,268,30
155,5079,121,17
156,5081,220,22
157,5083,546,61
158,5085,2039,246
159,5087,77,30
160,5089,319,54
161,5091,2073,574
162,5093,2183,433
163,5095,175,4
164,5097,62,4
165,5099,109,8
166,5101,96,23
167,5103,876,86
168,5105,118,16
169,5107,1081,318
170,5109,117,14
171,5111,821,136
172,5113,414,39
173,5115,2108,162
174,5117,124,11
175,5119,26522,3976
176,5121,180,8
177,5123,1543,142
178,5125,3244,266
179,5127,194,36
180,5129,20,7
181,5131,5299,766
182,5133,517,50
183,5135,344,46
184,5137,95,8
185,5139,1775,242
186,5141,193,26
187,5143,6069,785
188,5145,2729,152
189,5147,62,12
190,5149,354,74
191,6000,1080744,185172
192,6001,59435,12778
193,6003,73,14
194,6005,1059,127
195,6007,6663,836
196,6009,829,93
197,6011,490,42
198,6013,34759,4597
199,6015,580,114
200,6017,3080,451
201,6019,37249,4287
202,6021,603,62
203,6023,3662,459
204,6025,6228,474
205,6027,377,85
206,6029,31907,4631
207,6031,3636,614
208,6033,1771,298
209,6035,449,121
210,6037,259682,59788
211,6039,3257,744
212,6041,5137,547
213,6043,282,43
214,6045,1580,560
215,6047,9023,1541
216,6049,165,43
217,6051,399,49
218,6053,11491,1973
219,6055,3253,832
220,6057,1422,263
221,6059,63705,7637
222,6061,8344,801
223,6063,330,138
224,6065,66881,8267
225,6067,51939,9259
226,6069,1230,243
227,6071,61290,10489
228,6073,84294,12874
229,6075,37093,6808
230,6077,33567,6156
231,6079,6170,780
232,6081,16986,2167
233,6083,9408,1653
234,6085,42441,5452
235,6087,7882,1247
236,6089,5013,1174
237,6091,35,8
238,6093,800,152
239,6095,14781,2354
240,6097,8699,2031
241,6099,23178,2829
242,6101,2747,340
243,6103,1443,393
244,6105,86,22
245,6107,16890,2257
246,6109,1503,134
247,6111,16099,2137
248,6113,7285,549
249,6115,2084,355
250,8000,135391,16484
251,8001,14560,1627
252,8003,512,74
253,8005,16723,1996
254,8007,205,14
255,8009,0,3
256,8011,89,10
257,8013,7522,599
258,8014,1252,37
259,8015,283,19
260,8017,0,1
261,8019,187,38
262,8021,0,0
263,8023,0,0
264,8025,0,6
265,8027,45,14
266,8029,550,80
267,8031,19586,3379
268,8033,16,0
269,8035,3832,326
270,8037,1328,100
271,8039,69,10
272,8041,19160,2955
273,8043,857,145
274,8045,870,110
275,8047,199,12
276,8049,276,39
277,8051,403,51
278,8053,10,1
279,8055,60,9
280,8057,7,3
281,8059,15371,1521
282,8061,0,0
283,8063,120,14
284,8065,81,21
285,8067,1340,175
286,8069,8144,796
287,8071,283,45
288,8073,26,10
289,8075,390,41
290,8077,4154,471
291,8079,1,0
292,8081,288,40
293,8083,495,116
294,8085,1013,76
295,8087,492,36
296,8089,441,39
297,8091,75,23
298,8093,120,20
299,8095,7,2
300,8097,614,52
301,8099,331,45
302,8101,3515,217
303,8103,124,24
304,8105,154,26
305,8107,562,82
306,8109,59,15
307,8111,29,4
308,8113,224,13
309,8115,22,7
310,8117,1597,80
311,8119,232,24
312,8121,56,8
313,8123,6307,771
314,8125,123,12
315,9000,87210,10737
316,9001,18320,2875
317,9003,25504,2824
318,9005,7540,590
319,9007,2808,130
320,9009,27840,3657
321,9011,3566,518
322,9013,697,47
323,9015,935,96
324,10000,31385,6187
325,10001,5386,1044
326,10003,19772,4057
327,10005,6227,1086
328,11000,30211,8509
329,11001,30211,8509
330,12000,757913,126080
331,12001,10583,2003
332,12003,276,75
333,12005,6725,1076
334,12007,616,152
335,12009,18648,3690
336,12011,71758,10637
337,12013,143,30
338,12015,5007,530
339,12017,3084,478
340,12019,5138,927
341,12021,6183,1174
342,12023,2563,447
343,12027,1087,255
344,12029,712,95
345,12031,49853,8388
346,12033,12353,2727
347,12035,2182,273
348,12037,174,30
349,12039,1378,537
350,12041,280,45
351,12043,330,56
352,12045,222,74
353,12047,443,99
354,12049,870,95
355,12051,1486,344
356,12053,6210,649
357,12055,2925,320
358,12057,48033,8324
359,12059,299,45
360,12061,4285,474
361,12063,955,263
362,12065,165,215
363,12067,30,19
364,12069,8282,1750
365,12071,21212,2834
366,12073,11565,2308
367,12075,1326,281
368,12077,0,0
369,12079,567,182
370,12081,14712,2886
371,12083,8338,2076
372,12085,4189,486
373,12086,131060,22005
374,12087,4021,392
375,12089,1954,652
376,12091,5539,689
377,12093,1458,295
378,12095,60739,11896
379,12097,10516,1578
380,12099,54182,8659
381,12101,17434,1879
382,12103,40861,7219
383,12105,23533,2831
384,12107,4085,783
385,12109,5361,703
386,12111,8500,1508
387,12113,2127,280
388,12115,14716,1513
389,12117,12543,1686
390,12119,1266,224
391,12121,810,243
392,12123,566,285
393,12125,130,58
394,12127,19229,2962
395,12129,648,89
396,12131,1128,253
397,12133,320,49
398,13000,373176,45553
399,13001,170,15
400,13003,79,23
401,13005,341,34
402,13007,2,1
403,13009,1957,413
404,13011,737,131
405,13013,2057,330
406,13015,4198,411
407,13017,319,16
408,13019,448,45
409,13021,10542,1074
410,13023,457,34
411,13025,226,35
412,13027,688,148
413,13029,676,73
414,13031,2473,442
415,13033,1082,116
416,13035,984,66
417,13037,103,6
418,13039,1579,297
419,13043,96,1
420,13045,4155,910
421,13047,1884,108
422,13049,183,26
423,13051,13304,1518
424,13053,0,0
425,13055,340,49
426,13057,2479,175
427,13059,6834,537
428,13061,1,3
429,13063,14288,1842
430,13065,50,11
431,13067,19357,2293
432,13069,2226,219
433,13071,1128,137
434,13073,2523,137
435,13075,416,64
436,13077,2701,296
437,13079,437,42
438,13081,1270,152
439,13083,242,47
440,13085,409,19
441,13087,1060,148
442,13089,44363,5782
443,13091,387,106
444,13093,189,56
445,13095,5715,937
446,13097,4675,337
447,13099,342,66
448,13101,47,11
449,13103,399,37
450,13105,1010,86
451,13107,244,8
452,13109,258,9
453,13111,372,53
454,13113,1931,99
455,13115,3390,271
456,13117,2363,144
457,13119,627,43
458,13121,62924,9855
459,13123,519,50
460,13125,15,1
461,13127,3872,644
462,13129,1577,108
463,13131,515,43
464,13133,447,51
465,13135,22951,2597
466,13137,801,84
467,13139,4228,404
468,13141,95,12
469,13143,913,131
470,13145,407,26
471,13147,805,99
472,13149,208,19
473,13151,5667,541
474,13153,5513,452
475,13155,345,32
476,13157,1752,134
477,13159,375,26
478,13161,638,57
479,13163,430,63
480,13165,54,32
481,13167,61,41
482,13169,658,47
483,13171,483,138
484,13173,177,15
485,13175,1978,268
486,13177,509,19
487,13179,2419,271
488,13181,251,17
489,13183,302,34
490,13185,3781,397
491,13187,453,49
492,13189,754,89
493,13191,392,57
494,13193,256,37
495,13195,645,90
496,13197,102,32
497,13199,784,64
498,13201,153,15
499,13205,509,181
500,13207,531,55
501,13209,27,8
502,13211,165,19
503,13213,797,57
504,13215,14591,1275
505,13217,2961,409
506,13219,123,5
507,13221,447,48
508,13223,3351,379
509,13225,905,184
510,13227,398,66
511,13229,597,35
512,13231,219,15
513,13233,1491,146
514,13235,88,2
515,13237,500,104
516,13239,8,7
517,13241,207,11
518,13243,90,9
519,13245,14276,1135
520,13247,3580,422
521,13249,65,12
522,13251,256,42
523,13253,202,31
524,13255,3316,286
525,13257,1131,61
526,13259,80,29
527,13261,1261,215
528,13263,18,3
529,13265,65,3
530,13267,492,44
531,13269,113,22
532,13271,202,51
533,13273,259,39
534,13275,1588,126
535,13277,2249,313
536,13279,1141,160
537,13281,209,16
538,13283,133,22
539,13285,2117,262
540,13287,101,9
541,13289,203,23
542,13291,0,0
543,13293,800,86
544,13295,1847,362
545,13297,2068,235
546,13299,1767,206
547,13301,4,2
548,13303,692,81
549,13305,544,59
550,13307,0,0
551,13309,71,1
552,13311,542,77
553,13313,3024,382
554,13315,55,10
555,13317,108,45
556,13319,123,13
557,13321,447,23
558,15000,45944,3510
559,15001,5494,441
560,15003,31781,2575
561,15005,0,0
562,15007,2584,208
563,15009,6085,286
564,16000,31790,3642
565,16001,8611,892
566,16003,54,7
567,16005,2357,237
568,16007,105,6
569,16009,55,33
570,16011,695,49
571,16013,350,60
572,16015,136,11
573,16017,745,55
574,16019,2531,314
575,16021,109,9
576,16023,9,19
577,16025,26,2
578,16027,4536,522
579,16029,56,6
580,16031,246,24
581,16033,16,0
582,16035,216,30
583,16037,70,11
584,16039,462,55
585,16041,127,7
586,16043,135,7
587,16045,228,21
588,16047,150,33
589,16049,207,19
590,16051,299,25
591,16053,324,36
592,16055,3003,648
593,16057,741,40
594,16059,36,7
595,16061,55,5
596,16063,5,2
597,16065,311,30
598,16067,305,34
599,16069,1125,50
600,16071,40,7
601,16073,199,27
602,16075,323,28
603,16077,143,13
604,16079,152,14
605,16081,27,10
606,16083,2094,195
607,16085,248,29
608,16087,128,13
609,17000,259136,50287
610,17001,1479,184
611,17003,0,0
612,17005,0,0
613,17007,1002,64
614,17009,0,0
615,17011,0,0
616,17013,0,0
617,17015,23,0
618,17017,0,0
619,17019,5403,1167
620,17021,0,0
621,17023,0,0
622,17025,139,4
623,17027,288,21
624,17029,0,0
625,17031,160992,37034
626,17033,0,0
627,17035,0,0
628,17037,1873,165
629,17039,0,0
630,17041,71,18
631,17043,10211,660
632,17045,0,0
633,17047,0,0
634,17049,463,42
635,17051,0,0
636,17053,0,0
637,17055,0,0
638,17057,0,0
639,17059,0,0
640,17061,0,0
641,17063,1099,82
642,17065,0,0
643,17067,0,0
644,17069,0,0
645,17071,0,0
646,17073,766,49
647,17075,0,0
648,17077,1478,207
649,17079,0,0
650,17081,1,0
651,17083,0,0
652,17085,7,1
653,17087,0,0
654,17089,6691,802
655,17091,1289,231
656,17093,142,18
657,17095,0,0
658,17097,7827,645
659,17099,1107,69
660,17101,0,0
661,17103,672,12
662,17105,369,10
663,17107,0,0
664,17109,0,0
665,17111,1773,132
666,17113,2229,463
667,17115,3782,698
668,17117,0,0
669,17119,1095,108
670,17121,1297,108
671,17123,0,0
672,17125,0,0
673,17127,0,0
674,17129,0,0
675,17131,0,0
676,17133,0,0
677,17135,168,102
678,17137,586,103
679,17139,64,4
680,17141,53,0
681,17143,4816,797
682,17145,0,0
683,17147,0,0
684,17149,0,0
685,17151,0,0
686,17153,0,0
687,17155,0,0
688,17157,125,31
689,17159,54,8
690,17161,2292,402
691,17163,2321,130
692,17165,455,37
693,17167,7126,1642
694,17169,0,0
695,17171,0,0
696,17173,0,0
697,17175,56,5
698,17177,1015,75
699,17179,1819,205
700,17181,115,7
701,17183,3426,408
702,17185,0,0
703,17187,0,0
704,17189,147,82
705,17191,0,0
706,17193,0,0
707,17195,962,60
708,17197,7462,803
709,17199,0,0
710,17201,12347,2387
711,17203,159,5
712,18000,195431,20485
713,18001,143,8
714,18003,11796,885
715,18005,2377,70
716,18007,21,1
717,18009,271,11
718,18011,532,10
719,18013,133,13
720,18015,287,13
721,18017,1048,52
722,18019,3778,200
723,18021,474,117
724,18023,441,15
725,18025,34,3
726,18027,1112,45
727,18029,170,49
728,18031,6,3
729,18033,522,28
730,18035,3505,389
731,18037,388,8
732,18039,7157,314
733,18041,1458,27
734,18043,3042,132
735,18045,79,10
736,18047,214,6
737,18049,40,3
738,18051,274,12
739,18053,2266,107
740,18055,153,10
741,18057,4171,210
742,18059,756,33
743,18061,529,13
744,18063,1836,130
745,18065,2274,22
746,18067,3318,259
747,18069,619,48
748,18071,1674,112
749,18073,237,153
750,18075,331,14
751,18077,17,7
752,18079,418,62
753,18081,3872,313
754,18083,1402,29
755,18085,1354,53
756,18087,330,14
757,18089,18311,2154
758,18091,4306,204
759,18093,877,51
760,18095,3871,216
761,18097,51958,9932
762,18099,653,15
763,18101,116,15
764,18103,287,8
765,18105,4050,328
766,18107,1292,65
767,18109,1290,29
768,18111,220,10
769,18113,531,21
770,18115,21,10
771,18117,37,22
772,18119,0,1
773,18121,215,16
774,18123,224,21
775,18125,17,5
776,18127,3846,341
777,18129,1,1
778,18131,236,22
779,18133,245,23
780,18135,413,25
781,18137,260,7
782,18139,238,12
783,18141,12617,1151
784,18143,363,40
785,18145,380,43
786,18147,7,1
787,18149,677,47
788,18151,1078,24
789,18153,56,4
790,18155,58,14
791,18157,5003,433
792,18159,327,20
793,18161,42,3
794,18163,6752,528
795,18165,166,23
796,18167,5262,209
797,18169,544,38
798,18171,21,3
799,18173,922,144
800,18175,19,6
801,18177,1887,160
802,18179,457,10
803,18181,238,8
804,18183,181,9
805,19000,71950,8507
806,19001,46,6
807,19003,57,3
808,19005,25,2
809,19007,289,38
810,19009,57,6
811,19011,194,4
812,19013,3991,691
813,19015,352,95
814,19017,202,74
815,19019,288,16
816,19021,456,47
817,19023,26,4
818,19025,123,6
819,19027,191,11
820,19029,225,16
821,19031,88,16
822,19033,1012,41
823,19035,118,1
824,19037,22,6
825,19039,186,12
826,19041,436,2
827,19043,45,13
828,19045,1383,211
829,19047,76,11
830,19049,898,71
831,19051,14,18
832,19053,44,4
833,19055,81,38
834,19057,1596,241
835,19059,221,9
836,19061,2213,417
837,19063,162,13
838,19065,146,23
839,19067,134,11
840,19069,9,0
841,19071,98,10
842,19073,82,3
843,19075,84,3
844,19077,64,2
845,19079,270,60
846,19081,116,4
847,19083,253,19
848,19085,188,8
849,19087,389,54
850,19089,132,7
851,19091,59,3
852,19093,67,9
853,19095,128,11
854,19097,164,11
855,19099,571,37
856,19101,362,18
857,19103,2886,412
858,19105,211,10
859,19107,14,0
860,19109,96,16
861,19111,1016,228
862,19113,7021,500
863,19115,34,5
864,19117,250,22
865,19119,90,15
866,19121,93,8
867,19123,420,49
868,19125,262,66
869,19127,1132,189
870,19129,300,30
871,19131,78,11
872,19133,2,0
873,19135,89,12
874,19137,196,11
875,19139,973,153
876,19141,130,11
877,19143,11,2
878,19145,309,12
879,19147,58,9
880,19149,305,28
881,19151,34,1
882,19153,15026,1730
883,19155,4923,475
884,19157,420,28
885,19159,37,2
886,19161,55,3
887,19163,6661,838
888,19165,6,0
889,19167,182,8
890,19169,2297,245
891,19171,135,28
892,19173,46,0
893,19175,269,17
894,19177,98,7
895,19179,1199,155
896,19181,747,79
897,19183,226,62
898,19185,51,9
899,19187,1796,197
900,19189,41,9
901,19191,158,16
902,19193,2891,358
903,19195,114,0
904,19197,129,5
905,20000,90842,11107
906,20001,449,51
907,20003,136,25
908,20005,483,58
909,20007,15,4
910,20009,922,105
911,20011,359,50
912,20013,135,37
913,20015,1973,187
914,20017,60,3
915,20019,45,11
916,20021,543,40
917,20023,28,2
918,20025,23,1
919,20027,180,30
920,20029,245,18
921,20031,64,14
922,20033,0,0
923,20035,958,147
924,20037,1806,160
925,20039,18,3
926,20041,518,53
927,20043,181,13
928,20045,5439,461
929,20047,35,5
930,20049,35,2
931,20051,740,73
932,20053,133,11
933,20055,1394,245
934,20057,941,159
935,20059,556,81
936,20061,959,190
937,20063,24,5
938,20065,68,6
939,20067,99,19
940,20069,24,2
941,20071,3,3
942,20073,217,25
943,20075,0,0
944,20077,87,8
945,20079,815,129
946,20081,2,0
947,20083,26,5
948,20085,250,38
949,20087,385,17
950,20089,0,0
951,20091,12137,1411
952,20093,91,13
953,20095,108,16
954,20097,38,5
955,20099,811,117
956,20101,22,3
957,20103,1956,438
958,20105,46,5
959,20107,125,25
960,20109,65,2
961,20111,1546,112
962,20113,511,40
963,20115,138,21
964,20117,55,10
965,20119,5,4
966,20121,523,53
967,20123,117,18
968,20125,1106,138
969,20127,72,7
970,20129,71,15
971,20131,115,17
972,20133,420,34
973,20135,19,2
974,20137,47,3
975,20139,196,28
976,20141,56,4
977,20143,118,14
978,20145,168,25
979,20147,14,6
980,20149,348,35
981,20151,216,23
982,20153,26,4
983,20155,2774,324
984,20157,55,2
985,20159,118,20
986,20161,1921,228
987,20163,12,3
988,20165,27,2
989,20167,121,26
990,20169,2649,202
991,20171,65,14
992,20173,22235,3296
993,20175,644,109
994,20177,9152,787
995,20179,20,1
996,20181,138,18
997,20183,24,1
998,20185,71,9
999,20187,24,1
1000,20189,36,1
1001,20191,666,57
1002,20193,152,29
1003,20195,34,6
1004,20197,99,13
1005,20199,5,0
1006,20201,11,6
1007,20203,22,10
1008,20205,212,19
1009,20207,50,10
1010,20209,6846,769
1011,21000,108228,12274
1012,21001,43,8
1013,21003,114,16
1014,21005,168,18
1015,21007,104,8
1016,21009,815,50
1017,21011,70,4
1018,21013,411,28
1019,21015,1029,182
1020,21017,311,36
1021,21019,1996,136
1022,21021,691,49
1023,21023,73,5
1024,21025,67,3
1025,21027,52,3
1026,21029,1448,89
1027,21031,54,4
1028,21033,244,34
1029,21035,1191,46
1030,21037,2454,186
1031,21039,0,0
1032,21041,118,7
1033,21043,420,15
1034,21045,138,11
1035,21047,2480,249
1036,21049,973,56
1037,21051,158,6
1038,21053,14,4
1039,21055,88,1
1040,21057,6,0
1041,21059,1728,133
1042,21061,48,3
1043,21063,0,0
1044,21065,324,3
1045,21067,10379,1802
1046,21069,97,13
1047,21071,314,12
1048,21073,8815,1315
1049,21075,223,14
1050,21077,47,3
1051,21079,206,4
1052,21081,196,5
1053,21083,465,55
1054,21085,294,17
1055,21087,2,0
1056,21089,369,34
1057,21091,19,1
1058,21093,1967,353
1059,21095,188,31
1060,21097,566,32
1061,21099,63,4
1062,21101,1437,80
1063,21103,45,5
1064,21105,5,0
1065,21107,611,55
1066,21109,65,3
1067,21111,32427,4614
1068,21113,1540,91
1069,21115,141,5
1070,21117,4983,601
1071,21119,77,0
1072,21121,434,18
1073,21123,62,15
1074,21125,908,36
1075,21127,90,8
1076,21129,20,1
1077,21131,0,0
1078,21133,166,5
1079,21135,90,14
1080,21137,138,5
1081,21139,117,5
1082,21141,589,60
1083,21143,79,5
1084,21145,1900,178
1085,21147,200,6
1086,21149,18,4
1087,21151,2801,150
1088,21153,26,2
1089,21155,343,31
1090,21157,557,28
1091,21159,91,2
1092,21161,771,45
1093,21163,257,8
1094,21165,2,0
1095,21167,261,20
1096,21169,64,3
1097,21171,44,4
1098,21173,940,42
1099,21175,39,3
1100,21177,112,12
1101,21179,679,54
1102,21181,32,1
1103,21183,149,14
1104,21185,676,36
1105,21187,62,2
1106,21189,21,0
1107,21191,166,3
1108,21193,239,24
1109,21195,479,24
1110,21197,88,5
1111,21199,1753,70
1112,21201,0,0
1113,21203,82,11
1114,21205,339,24
1115,21207,299,20
1116,21209,1118,47
1117,21211,739,72
1118,21213,469,43
1119,21215,75,7
1120,21217,516,53
1121,21219,56,4
1122,21221,170,17
1123,21223,16,0
1124,21225,141,9
1125,21227,3681,358
1126,21229,114,8
1127,21231,317,24
1128,21233,57,6
1129,21235,502,38
1130,21237,1,0
1131,21239,702,48
1132,22000,160615,28002
1133,22001,1460,288
1134,22003,348,43
1135,22005,2918,406
1136,22007,375,151
1137,22009,985,150
1138,22011,540,110
1139,22013,131,43
1140,22015,3374,1493
1141,22017,11538,2064
1142,22019,6095,871
1143,22021,351,62
1144,22023,165,49
1145,22025,210,150
1146,22027,481,131
1147,22029,486,172
1148,22031,666,502
1149,22033,21803,3562
1150,22035,81,61
1151,22037,185,45
1152,22039,1066,121
1153,22041,159,11
1154,22043,283,23
1155,22045,2163,400
1156,22047,837,229
1157,22049,151,10
1158,22051,18749,2865
1159,22053,802,139
1160,22055,8911,1701
1161,22057,2034,277
1162,22059,91,29
1163,22061,1711,217
1164,22063,3498,256
1165,22065,419,140
1166,22067,1675,147
1167,22069,1623,334
1168,22071,15208,2893
1169,22073,8600,758
1170,22075,390,55
1171,22077,287,56
1172,22079,5993,1016
1173,22081,301,43
1174,22083,203,9
1175,22085,356,40
1176,22087,1392,139
1177,22089,1359,172
1178,22091,259,86
1179,22093,772,204
1180,22095,1653,161
1181,22097,1375,168
1182,22099,603,257
1183,22101,2040,438
1184,22103,5444,623
1185,22105,8396,1668
1186,22107,0,0
1187,22109,4415,645
1188,22111,250,91
1189,22113,351,299
1190,22115,905,239
1191,22117,1739,336
1192,22119,564,99
1193,22121,755,105
1194,22123,264,28
1195,22125,127,51
1196,22127,250,71
1197,23000,32433,1572
1198,23001,2468,159
1199,23003,1271,41
1200,23005,7281,456
1201,23007,798,39
1202,23009,1045,35
1203,23011,3397,139
1204,23013,1013,20
1205,23015,506,22
1206,23017,1312,81
1207,23019,4872,117
1208,23021,413,20
1209,23023,681,16
1210,23025,1414,52
1211,23027,589,35
1212,23029,871,120
1213,23031,4502,220
1214,24000,198165,35393
1215,24001,2223,240
1216,24003,19302,3114
1217,24005,27049,4931
1218,24009,1874,367
1219,24011,1088,123
1220,24013,2893,360
1221,24015,3811,540
1222,24017,4311,794
1223,24019,1223,187
1224,24021,4180,793
1225,24023,541,71
1226,24025,5221,879
1227,24027,8256,705
1228,24029,417,113
1229,24031,25822,2231
1230,24033,43861,7400
1231,24035,951,161
1232,24037,2221,304
1233,24039,704,94
1234,24041,1055,158
1235,24043,3181,442
1236,24045,3991,1010
1237,24047,2408,234
1238,24510,31582,10142
1239,25000,154174,29865
1240,25001,6704,1002
1241,25003,2884,505
1242,25005,14806,3308
1243,25007,372,22
1244,25009,16067,2602
1245,25011,1327,269
1246,25013,15292,3079
1247,25015,3073,401
1248,25017,30090,3987
1249,25019,147,31
1250,25021,10022,1232
1251,25023,9759,2035
1252,25025,27311,7989
1253,25027,16320,3403
1254,26000,290330,50955
1255,26001,181,12
1256,26003,87,10
1257,26005,1948,321
1258,26007,594,76
1259,26009,457,20
1260,26011,244,34
1261,26013,182,8
1262,26015,1087,96
1263,26017,2779,344
1264,26019,258,34
1265,26021,4977,620
1266,26023,941,80
1267,26025,5675,983
1268,26027,1336,114
1269,26029,451,33
1270,26031,582,39
1271,26033,811,82
1272,26035,384,30
1273,26037,732,87
1274,26039,283,37
1275,26041,955,57
1276,26043,197,18
1277,26045,2119,210
1278,26047,482,41
1279,26049,15494,3265
1280,26051,373,65
1281,26053,63,8
1282,26055,1664,147
1283,26057,615,55
1284,26059,744,75
1285,26061,453,34
1286,26063,572,26
1287,26065,8704,1581
1288,26067,1290,144
1289,26069,626,51
1290,26071,194,24
1291,26073,1514,139
1292,26075,4396,614
1293,26077,9583,1153
1294,26079,452,50
1295,26081,19198,3049
1296,26083,43,1
1297,26085,337,39
1298,26087,1247,176
1299,26089,196,14
1300,26091,1702,204
1301,26093,2546,204
1302,26095,183,34
1303,26097,633,20
1304,26099,20871,2809
1305,26101,549,33
1306,26103,1425,82
1307,26105,931,101
1308,26107,1100,91
1309,26109,414,28
1310,26111,1345,125
1311,26113,52,13
1312,26115,3818,382
1313,26117,1346,125
1314,26119,95,18
1315,26121,7339,801
1316,26123,1174,115
1317,26125,27642,3849
1318,26127,628,44
1319,26129,496,54
1320,26131,36,4
1321,26133,455,48
1322,26135,165,14
1323,26137,551,59
1324,26139,4550,452
1325,26141,85,6
1326,26143,521,55
1327,26145,6587,2350
1328,26147,4498,539
1329,26149,1501,182
1330,26151,671,99
1331,26153,137,17
1332,26155,1467,168
1333,26157,672,56
1334,26159,2231,263
1335,26161,9610,1371
1336,26163,85792,21946
1337,26165,1012,98
1338,27000,146725,12364
1339,27001,412,19
1340,27003,12200,468
1341,27005,489,34
1342,27007,1448,78
1343,27009,843,49
1344,27011,43,2
1345,27013,2081,74
1346,27015,268,5
1347,27017,926,32
1348,27019,1346,40
1349,27021,446,22
1350,27023,239,18
1351,27025,1147,35
1352,27027,1031,41
1353,27029,118,19
1354,27031,122,10
1355,27033,177,14
1356,27035,1393,90
1357,27037,10482,344
1358,27039,286,34
1359,27041,828,19
1360,27043,158,14
1361,27045,111,3
1362,27047,484,37
1363,27049,870,45
1364,27051,110,8
1365,27053,43197,5936
1366,27055,207,9
1367,27057,553,16
1368,27059,859,18
1369,27061,692,27
1370,27063,116,12
1371,27065,385,26
1372,27067,983,57
1373,27069,78,0
1374,27071,321,16
1375,27073,72,3
1376,27075,150,8
1377,27077,51,5
1378,27079,414,18
1379,27081,5,1
1380,27083,551,42
1381,27085,758,36
1382,27087,51,12
1383,27089,108,5
1384,27091,405,16
1385,27093,324,14
1386,27095,693,36
1387,27097,553,21
1388,27099,1067,47
1389,27101,97,1
1390,27103,580,23
1391,27105,310,35
1392,27107,43,3
1393,27109,3261,223
1394,27111,913,40
1395,27113,267,12
1396,27115,851,30
1397,27117,77,4
1398,27119,477,44
1399,27121,85,6
1400,27123,19534,2455
1401,27125,398,60
1402,27127,334,22
1403,27129,197,11
1404,27131,1179,63
1405,27133,90,50
1406,27135,214,14
1407,27137,6726,433
1408,27139,2680,136
1409,27141,1982,81
1410,27143,18,0
1411,27145,4049,251
1412,27147,572,26
1413,27149,182,10
1414,27151,139,11
1415,27153,389,17
1416,27155,71,9
1417,27157,203,7
1418,27159,210,17
1419,27161,346,16
1420,27163,5933,177
1421,27165,174,10
1422,27167,105,2
1423,27169,793,51
1424,27171,2509,71
1425,27173,86,8
1426,28000,68887,6887
1427,28001,1370,103
1428,28003,127,6
1429,28005,4,4
1430,28007,196,19
1431,28009,0,0
1432,28011,1047,90
1433,28013,0,0
1434,28015,0,0
1435,28017,49,36
1436,28019,90,13
1437,28021,138,82
1438,28023,8,2
1439,28025,376,36
1440,28027,1142,151
1441,28029,0,0
1442,28031,175,9
1443,28033,5129,243
1444,28035,2418,218
1445,28037,0,0
1446,28039,120,18
1447,28041,24,9
1448,28043,862,98
1449,28045,714,21
1450,28047,6128,279
1451,28049,14310,1749
1452,28051,16,2
1453,28053,58,105
1454,28055,0,0
1455,28057,99,2
1456,28059,4549,321
1457,28061,44,0
1458,28063,50,38
1459,28065,0,0
1460,28067,2033,399
1461,28069,0,0
1462,28071,585,17
1463,28073,886,86
1464,28075,2445,245
1465,28077,0,0
1466,28079,24,0
1467,28081,2273,187
1468,28083,1654,222
1469,28085,682,43
1470,28087,1442,172
1471,28089,1967,167
1472,28091,100,6
1473,28093,972,170
1474,28095,428,47
1475,28097,21,10
1476,28099,0,0
1477,28101,26,4
1478,28103,47,18
1479,28105,965,104
1480,28107,1027,86
1481,28109,1132,85
1482,28111,0,0
1483,28113,1223,87
1484,28115,0,0
1485,28117,291,10
1486,28119,0,0
1487,28121,2269,148
1488,28123,40,12
1489,28125,0,0
1490,28127,173,33
1491,28129,0,0
1492,28131,318,42
1493,28133,178,186
1494,28135,87,31
1495,28137,554,18
1496,28139,150,25
1497,28141,83,15
1498,28143,252,23
1499,28145,294,14
1500,28147,0,0
1501,28149,2048,269
1502,28151,2742,195
1503,28153,112,21
1504,28155,32,13
1505,28157,0,0
1506,28159,89,23
1507,28161,0,0
1508,28163,0,0
1509,29000,216112,29645
1510,29001,510,81
1511,29003,210,23
1512,29005,44,3
1513,29007,454,39
1514,29009,769,102
1515,29011,210,40
1516,29013,386,51
1517,29015,308,65
1518,29017,123,12
1519,29019,5275,527
1520,29021,3929,374
1521,29023,1819,161
1522,29025,113,15
1523,29027,1534,86
1524,29029,965,85
1525,29031,2994,318
1526,29033,70,11
1527,29035,38,1
1528,29037,2077,151
1529,29039,223,21
1530,29041,32,2
1531,29043,1148,168
1532,29045,57,9
1533,29047,8748,1640
1534,29049,272,30
1535,29051,2124,286
1536,29053,476,21
1537,29055,480,26
1538,29057,78,9
1539,29059,293,49
1540,29061,89,5
1541,29063,180,17
1542,29065,293,31
1543,29067,311,57
1544,29069,1095,88
1545,29071,2654,274
1546,29073,362,18
1547,29075,48,3
1548,29077,16728,1236
1549,29079,212,27
1550,29081,151,7
1551,29083,657,67
1552,29085,121,3
1553,29087,86,11
1554,29089,74,6
1555,29091,1501,114
1556,29093,118,28
1557,29095,35341,5781
1558,29097,5670,506
1559,29099,6021,628
1560,29101,1267,87
1561,29103,107,4
1562,29105,1147,108
1563,29107,671,43
1564,29109,1257,123
1565,29111,138,19
1566,29113,825,107
1567,29115,188,30
1568,29117,133,18
1569,29119,531,108
1570,29121,215,38
1571,29123,195,37
1572,29125,81,12
1573,29127,1692,154
1574,29129,29,3
1575,29131,531,99
1576,29133,298,64
1577,29135,180,22
1578,29137,159,37
1579,29139,214,21
1580,29141,458,87
1581,29143,195,66
1582,29145,1973,168
1583,29147,450,47
1584,29149,59,27
1585,29151,179,10
1586,29153,152,43
1587,29155,608,111
1588,29157,274,11
1589,29159,1760,197
1590,29161,1532,125
1591,29163,276,26
1592,29165,3488,642
1593,29167,681,146
1594,29169,904,203
1595,29171,28,2
1596,29173,183,30
1597,29175,631,41
1598,29177,398,41
1599,29179,50,11
1600,29181,343,27
1601,29183,7793,672
1602,29185,221,14
1603,29186,224,30
1604,29187,1691,188
1605,29189,34687,3549
1606,29195,570,42
1607,29197,10,5
1608,29199,48,3
1609,29201,1198,266
1610,29203,73,16
1611,29205,86,0
1612,29207,467,49
1613,29209,706,126
1614,29211,93,14
1615,29213,1857,301
1616,29215,350,28
1617,29217,753,68
1618,29219,885,101
1619,29221,310,37
1620,29223,192,34
1621,29225,536,69
1622,29227,22,4
1623,29229,291,47
1624,29510,31098,7474
1625,30000,25747,2848
1626,30001,125,24
1627,30003,230,105
1628,30005,34,4
1629,30007,95,10
1630,30009,103,22
1631,30011,2,0
1632,30013,3118,210
1633,30015,93,98
1634,30017,326,55
1635,30019,3,0
1636,30021,254,12
1637,30023,139,28
1638,30025,22,1
1639,30027,124,24
1640,30029,3177,345
1641,30031,2357,193
1642,30033,0,0
1643,30035,426,181
1644,30037,0,0
1645,30039,33,0
1646,30041,568,83
1647,30043,57,17
1648,30045,13,3
1649,30047,643,101
1650,30049,1398,134
1651,30051,0,0
1652,30053,382,38
1653,30055,18,1
1654,30057,101,13
1655,30059,14,4
1656,30061,11,13
1657,30063,3303,320
1658,30065,58,9
1659,30067,250,53
1660,30069,0,0
1661,30071,72,5
1662,30073,44,10
1663,30075,0,0
1664,30077,123,25
1665,30079,4,0
1666,30081,657,67
1667,30083,5,0
1668,30085,79,34
1669,30087,111,19
1670,30089,217,38
1671,30091,75,8
1672,30093,1479,149
1673,30095,86,8
1674,30097,22,12
1675,30099,58,2
1676,30101,87,15
1677,30103,0,0
1678,30105,78,10
1679,30107,0,0
1680,30109,3,0
1681,30111,5070,345
1682,30113,0,0
1683,31000,49289,5389
1684,31001,1137,51
1685,31003,24,1
1686,31005,0,0
1687,31007,1,0
1688,31009,0,0
1689,31011,8,0
1690,31013,161,31
1691,31015,13,1
1692,31017,51,1
1693,31019,1022,80
1694,31021,43,8
1695,31023,61,13
1696,31025,459,16
1697,31027,1,1
1698,31029,18,1
1699,31031,71,12
1700,31033,146,6
1701,31035,1,0
1702,31037,45,9
1703,31039,40,2
1704,31041,92,10
1705,31043,261,23
1706,31045,185,15
1707,31047,608,42
1708,31049,31,0
1709,31051,76,5
1710,31053,1073,62
1711,31055,20164,2824
1712,31057,0,0
1713,31059,0,0
1714,31061,20,0
1715,31063,27,0
1716,31065,33,2
1717,31067,736,66
1718,31069,0,1
1719,31071,0,0
1720,31073,13,0
1721,31075,0,0
1722,31077,0,0
1723,31079,2445,202
1724,31081,83,7
1725,31083,4,2
1726,31085,0,0
1727,31087,4,1
1728,31089,12,0
1729,31091,0,0
1730,31093,2,0
1731,31095,113,2
1732,31097,0,0
1733,31099,128,6
1734,31101,239,5
1735,31103,9,1
1736,31105,4,1
1737,31107,37,0
1738,31109,10855,1308
1739,31111,193,26
1740,31113,0,1
1741,31115,0,0
1742,31117,0,0
1743,31119,876,42
1744,31121,114,11
1745,31123,63,3
1746,31125,11,4
1747,31127,108,4
1748,31129,8,2
1749,31131,257,11
1750,31133,58,2
1751,31135,36,2
1752,31137,145,7
1753,31139,9,2
1754,31141,714,29
1755,31143,61,0
1756,31145,251,12
1757,31147,171,4
1758,31149,10,0
1759,31151,299,31
1760,31153,2911,125
1761,31155,135,11
1762,31157,1168,68
1763,31159,148,7
1764,31161,106,20
1765,31163,12,2
1766,31165,0,1
1767,31167,42,4
1768,31169,96,2
1769,31171,0,0
1770,31173,72,111
1771,31175,7,1
1772,31177,218,10
1773,31179,122,8
1774,31181,34,2
1775,31183,5,1
1776,31185,273,5
1777,32000,89873,18917
1778,32001,629,53
1779,32003,68707,15718
1780,32005,760,71
1781,32007,926,129
1782,32009,10,3
1783,32011,17,6
1784,32013,155,81
1785,32015,118,49
1786,32017,34,6
1787,32019,844,105
1788,32021,24,15
1789,32023,892,124
1790,32027,102,68
1791,32029,64,12
1792,32031,15215,2226
1793,32033,111,20
1794,32510,1265,231
1795,33000,25454,1905
1796,33001,1721,118
1797,33003,1109,62
1798,33005,1226,87
1799,33007,484,24
1800,33009,1856,96
1801,33011,8968,820
1802,33013,2375,154
1803,33015,4439,343
1804,33017,2592,156
1805,33019,684,45
1806,34000,199028,28337
1807,34001,9361,1321
1808,34003,13018,946
1809,34005,8039,775
1810,34007,18205,3097
1811,34009,4567,304
1812,34011,5845,1004
1813,34013,23777,5467
1814,34015,8122,673
1815,34017,15712,3585
1816,34019,1172,79
1817,34021,8106,1478
1818,34023,16142,1526
1819,34025,13496,1339
1820,34027,5730,422
1821,34029,11940,799
1822,34031,11847,2534
1823,34033,1644,194
1824,34035,4399,285
1825,34037,1839,99
1826,34039,14448,2285
1827,34041,1619,125
1828,35000,74680,12778
1829,35001,35567,5826
1830,35003,19,2
1831,35005,3283,438
1832,35006,501,98
1833,35007,297,73
1834,35009,2321,292
1835,35011,0,0
1836,35013,6392,865
1837,35015,2138,287
1838,35017,681,111
1839,35019,56,61
1840,35021,0,0
1841,35023,7,3
1842,35025,2352,383
1843,35027,545,102
1844,35028,228,69
1845,35029,747,103
1846,35031,1682,389
1847,35033,4,0
1848,35035,1330,485
1849,35037,233,68
1850,35039,530,174
1851,35041,543,96
1852,35043,2580,459
1853,35045,2968,905
1854,35047,487,126
1855,35049,5689,724
1856,35051,332,38
1857,35053,230,72
1858,35055,472,60
1859,35057,159,21
1860,35059,69,2
1861,35061,2238,446
1862,36000,386860,77394
1863,36001,9243,1324
1864,36003,569,91
1865,36005,0,0
1866,36007,6126,541
1867,36009,1789,217
1868,36011,1703,147
1869,36013,3393,320
1870,36015,2132,204
1871,36017,889,41
1872,36019,1676,142
1873,36021,1173,131
1874,36023,993,112
1875,36025,669,76
1876,36027,5628,885
1877,36029,28565,4735
1878,36031,448,54
1879,36033,956,123
1880,36035,1391,99
1881,36037,1354,115
1882,36039,1319,102
1883,36041,35,5
1884,36043,1058,197
1885,36045,2180,252
1886,36047,150987,48549
1887,36049,349,35
1888,36051,1022,70
1889,36053,1273,58
1890,36055,21970,2917
1891,36057,651,134
1892,36059,18628,2279
1893,36061,0,0
1894,36063,6360,758
1895,36065,6617,681
1896,36067,11558,1714
1897,36069,1785,108
1898,36071,8117,1039
1899,36073,968,71
1900,36075,2407,185
1901,36077,1013,86
1902,36079,956,83
1903,36081,0,0
1904,36083,4172,541
1905,36085,0,0
1906,36087,4509,539
1907,36089,1891,202
1908,36091,2984,161
1909,36093,4893,740
1910,36095,583,22
1911,36097,191,15
1912,36099,610,45
1913,36101,1334,161
1914,36103,30999,2583
1915,36105,1606,196
1916,36107,543,35
1917,36109,2338,137
1918,36111,3198,458
1919,36113,1501,111
1920,36115,787,116
1921,36117,1814,184
1922,36119,14194,2401
1923,36121,494,52
1924,36123,269,15
1925,37000,356906,41421
1926,37001,5861,689
1927,37003,969,87
1928,37005,55,4
1929,37007,1124,146
1930,37009,505,26
1931,37011,247,21
1932,37013,1655,271
1933,37015,353,33
1934,37017,1275,158
1935,37019,3617,237
1936,37021,7038,815
1937,37023,2143,176
1938,37025,5173,386
1939,37027,2843,151
1940,37029,98,9
1941,37031,2196,229
1942,37033,403,41
1943,37035,6151,557
1944,37037,1100,106
1945,37039,714,51
1946,37041,385,57
1947,37043,153,11
1948,37045,3132,174
1949,37047,2998,290
1950,37049,2290,202
1951,37051,20067,2505
1952,37053,514,44
1953,37055,1905,115
1954,37057,4972,433
1955,37059,934,59
1956,37061,1567,171
1957,37063,14042,1916
1958,37065,1759,262
1959,37067,19247,2496
1960,37069,1282,90
1961,37071,8319,1037
1962,37073,227,9
1963,37075,0,0
1964,37077,1954,221
1965,37079,612,48
1966,37081,24342,3097
1967,37083,2594,349
1968,37085,3293,361
1969,37087,1637,167
1970,37089,2618,154
1971,37091,863,77
1972,37093,1103,62
1973,37095,0,0
1974,37097,4633,464
1975,37099,1026,131
1976,37101,4922,479
1977,37103,126,12
1978,37105,1851,166
1979,37107,2978,455
1980,37109,2700,158
1981,37111,1157,90
1982,37113,582,43
1983,37115,256,4
1984,37117,1022,156
1985,37119,51455,7404
1986,37121,0,0
1987,37123,929,102
1988,37125,2188,262
1989,37127,2731,391
1990,37129,8834,989
1991,37131,549,69
1992,37133,5916,600
1993,37135,4202,321
1994,37137,238,19
1995,37139,1309,233
1996,37141,1478,84
1997,37143,228,20
1998,37145,1243,150
1999,37147,8152,986
2000,37149,201,10
2001,37151,4604,263
2002,37153,2483,240
2003,37155,8027,1187
2004,37157,3887,305
2005,37159,4667,634
2006,37161,2277,202
2007,37163,1983,245
2008,37165,1788,187
2009,37167,1820,163
2010,37169,1234,115
2011,37171,2146,181
2012,37173,554,116
2013,37175,674,61
2014,37177,64,7
2015,37179,4888,566
2016,37181,3234,287
2017,37183,22320,2875
2018,37185,553,39
2019,37187,261,66
2020,37189,1139,53
2021,37191,5343,541
2022,37193,1943,211
2023,37195,2647,337
2024,37197,910,125
2025,37199,225,17
2026,38000,12542,1180
2027,38001,9,4
2028,38003,113,8
2029,38005,101,20
2030,38007,0,0
2031,38009,22,0
2032,38011,1,0
2033,38013,24,0
2034,38015,1819,176
2035,38017,3795,323
2036,38019,38,2
2037,38021,26,1
2038,38023,0,0
2039,38025,0,0
2040,38027,9,1
2041,38029,30,1
2042,38031,13,0
2043,38033,0,0
2044,38035,2019,154
2045,38037,5,1
2046,38039,0,0
2047,38041,9,0
2048,38043,6,0
2049,38045,4,2
2050,38047,4,0
2051,38049,25,1
2052,38051,5,1
2053,38053,36,1
2054,38055,134,48
2055,38057,56,9
2056,38059,471,46
2057,38061,63,5
2058,38063,21,2
2059,38065,5,1
2060,38067,48,4
2061,38069,11,1
2062,38071,315,13
2063,38073,27,9
2064,38075,6,0
2065,38077,289,25
2066,38079,556,73
2067,38081,25,1
2068,38083,10,0
2069,38085,0,0
2070,38087,0,0
2071,38089,425,37
2072,38091,0,0
2073,38093,374,51
2074,38095,40,0
2075,38097,40,3
2076,38099,281,11
2077,38101,857,94
2078,38103,67,9
2079,38105,308,42
2080,39000,351813,37538
2081,39001,665,19
2082,39003,4586,564
2083,39005,955,30
2084,39007,477,33
2085,39009,1052,45
2086,39011,650,13
2087,39013,735,57
2088,39015,917,24
2089,39017,13670,1398
2090,39019,231,29
2091,39021,881,43
2092,39023,6228,345
2093,39025,4265,143
2094,39027,904,47
2095,39029,1052,83
2096,39031,785,22
2097,39033,815,33
2098,39035,36479,7066
2099,39037,1001,88
2100,39039,1032,53
2101,39041,2301,131
2102,39043,2607,241
2103,39045,4050,207
2104,39047,1051,50
2105,39049,59452,6711
2106,39051,904,38
2107,39053,1218,34
2108,39055,659,23
2109,39057,4508,194
2110,39059,1071,74
2111,39061,34763,5063
2112,39063,2071,101
2113,39065,1036,19
2114,39067,252,10
2115,39069,773,24
2116,39071,1196,33
2117,39073,886,23
2118,39075,298,15
2119,39077,1186,32
2120,39079,686,27
2121,39081,1689,163
2122,39083,102,1
2123,39085,3237,181
2124,39087,361,18
2125,39089,4626,241
2126,39091,1128,52
2127,39093,7166,633
2128,39095,22528,3770
2129,39097,390,13
2130,39099,9249,909
2131,39101,2618,110
2132,39103,717,16
2133,39105,385,16
2134,39107,755,35
2135,39109,1932,51
2136,39111,2,0
2137,39113,20154,2573
2138,39115,241,9
2139,39117,402,9
2140,39119,3022,158
2141,39121,2,0
2142,39123,637,26
2143,39125,236,16
2144,39127,234,9
2145,39129,2270,76
2146,39131,472,13
2147,39133,3643,143
2148,39135,884,51
2149,39137,43,0
2150,39139,5136,249
2151,39141,4129,126
2152,39143,1407,54
2153,39145,4148,156
2154,39147,247,5
2155,39149,511,34
2156,39151,12046,1045
2157,39153,18156,2220
2158,39155,6540,678
2159,39157,987,55
2160,39159,835,20
2161,39161,895,29
2162,39163,72,8
2163,39165,2307,117
2164,39167,947,60
2165,39169,2255,105
2166,39171,640,31
2167,39173,3062,68
2168,39175,20,1
2169,40000,125602,19202
2170,40001,333,109
2171,40003,67,2
2172,40005,297,29
2173,40007,42,3
2174,40009,360,46
2175,40011,197,22
2176,40013,1316,120
2177,40015,635,95
2178,40017,3890,555
2179,40019,1770,335
2180,40021,1149,147
2181,40023,492,48
2182,40025,8,5
2183,40027,9435,858
2184,40029,119,12
2185,40031,4526,1029
2186,40033,44,4
2187,40035,296,30
2188,40037,1516,127
2189,40039,574,138
2190,40041,635,100
2191,40043,19,0
2192,40045,19,3
2193,40047,2411,218
2194,40049,727,71
2195,40051,1211,151
2196,40053,53,3
2197,40055,103,10
2198,40057,78,4
2199,40059,23,4
2200,40061,152,40
2201,40063,277,28
2202,40065,755,67
2203,40067,42,12
2204,40069,87,22
2205,40071,1705,179
2206,40073,175,16
2207,40075,126,27
2208,40077,142,38
2209,40079,650,153
2210,40081,518,70
2211,40083,506,68
2212,40085,151,15
2213,40087,662,40
2214,40089,975,121
2215,40091,539,45
2216,40093,144,13
2217,40095,259,51
2218,40097,654,117
2219,40099,188,29
2220,40101,2141,473
2221,40103,190,23
2222,40105,199,46
2223,40107,184,31
2224,40109,35609,5273
2225,40111,742,113
2226,40113,908,186
2227,40115,886,77
2228,40117,229,37
2229,40119,2156,192
2230,40121,1482,125
2231,40123,1114,242
2232,40125,2681,341
2233,40127,190,28
2234,40129,51,2
2235,40131,1038,106
2236,40133,716,88
2237,40135,693,266
2238,40137,1313,102
2239,40139,365,35
2240,40141,123,24
2241,40143,27580,5496
2242,40145,1312,190
2243,40147,1543,171
2244,40149,84,29
2245,40151,262,21
2246,40153,759,56
2247,41000,123019,9717
2248,41001,122,14
2249,41003,1980,112
2250,41005,9843,450
2251,41007,1331,62
2252,41009,575,23
2253,41011,1190,49
2254,41013,481,38
2255,41015,343,39
2256,41017,4738,293
2257,41019,2338,105
2258,41021,47,0
2259,41023,98,2
2260,41025,125,3
2261,41027,480,22
2262,41029,5548,485
2263,41031,566,22
2264,41033,1958,63
2265,41035,1228,144
2266,41037,118,22
2267,41039,16504,1133
2268,41041,1608,111
2269,41043,3727,102
2270,41045,978,142
2271,41047,11494,801
2272,41049,264,35
2273,41051,35246,4008
2274,41053,2088,161
2275,41055,45,1
2276,41057,569,16
2277,41059,2272,241
2278,41061,599,23
2279,41063,91,1
2280,41065,718,31
2281,41067,11607,830
2282,41069,6,0
2283,41071,2094,133
2284,42000,295535,50491
2285,42001,1251,121
2286,42003,28829,6133
2287,42005,758,62
2288,42007,4057,495
2289,42009,717,54
2290,42011,10294,1341
2291,42013,2531,359
2292,42015,1187,93
2293,42017,13450,941
2294,42019,2822,338
2295,42021,2693,269
2296,42023,137,7
2297,42025,1281,181
2298,42027,2555,127
2299,42029,7785,896
2300,42031,839,81
2301,42033,1817,168
2302,42035,838,40
2303,42037,1274,71
2304,42039,1452,84
2305,42041,3436,272
2306,42043,7636,1336
2307,42045,13495,3181
2308,42047,649,34
2309,42049,6861,851
2310,42051,3000,359
2311,42053,164,40
2312,42055,2571,208
2313,42057,263,26
2314,42059,714,69
2315,42061,640,102
2316,42063,1702,144
2317,42065,570,82
2318,42067,250,23
2319,42069,4648,451
2320,42071,10276,931
2321,42073,2481,331
2322,42075,2270,307
2323,42077,10992,1082
2324,42079,7492,937
2325,42081,2393,180
2326,42083,742,81
2327,42085,2772,289
2328,42087,942,102
2329,42089,4555,384
2330,42091,16569,1521
2331,42093,226,50
2332,42095,6712,575
2333,42097,1526,311
2334,42099,826,94
2335,42101,62587,20783
2336,42103,989,107
2337,42105,253,33
2338,42107,2277,300
2339,42109,698,140
2340,42111,1026,125
2341,42113,118,4
2342,42115,577,48
2343,42117,388,48
2344,42119,349,42
2345,42121,842,73
2346,42123,692,187
2347,42125,4073,574
2348,42127,795,132
2349,42129,5913,580
2350,42131,303,19
2351,42133,9715,1082
2352,44000,29895,2656
2353,44001,896,31
2354,44003,4473,180
2355,44005,2251,167
2356,44007,19859,2136
2357,44009,2416,142
2358,45000,188418,32489
2359,45001,603,160
2360,45003,6100,701
2361,45005,303,73
2362,45007,9338,1200
2363,45009,576,112
2364,45011,1049,218
2365,45013,5787,968
2366,45015,5843,909
2367,45017,461,72
2368,45019,15432,2975
2369,45021,2283,260
2370,45023,1519,360
2371,45025,1578,246
2372,45027,1464,284
2373,45029,1984,403
2374,45031,3315,648
2375,45033,1831,510
2376,45035,4337,694
2377,45037,607,69
2378,45039,868,269
2379,45041,6935,1278
2380,45043,2737,491
2381,45045,16848,3144
2382,45047,3447,606
2383,45049,600,169
2384,45051,16676,2155
2385,45053,1201,208
2386,45055,1899,301
2387,45057,2730,493
2388,45059,2730,585
2389,45061,810,130
2390,45063,7267,1007
2391,45065,168,80
2392,45067,2032,325
2393,45069,1411,363
2394,45071,1035,132
2395,45073,2085,388
2396,45075,5288,637
2397,45077,3699,408
2398,45079,18015,3660
2399,45081,341,111
2400,45083,12025,1875
2401,45085,3785,769
2402,45087,904,228
2403,45089,1303,215
2404,45091,7169,1600
2405,46000,12608,2015
2406,46003,1,2
2407,46005,26,1
2408,46007,24,13
2409,46009,3,0
2410,46011,328,18
2411,46013,547,51
2412,46015,70,34
2413,46017,0,0
2414,46019,82,15
2415,46021,0,0
2416,46023,150,54
2417,46025,3,2
2418,46027,130,7
2419,46029,625,40
2420,46031,9,0
2421,46033,87,7
2422,46035,485,35
2423,46037,0,0
2424,46039,24,1
2425,46041,15,3
2426,46043,6,3
2427,46045,3,0
2428,46047,49,2
2429,46049,13,4
2430,46051,0,0
2431,46053,0,0
2432,46055,0,0
2433,46057,47,4
2434,46059,5,1
2435,46061,5,1
2436,46063,0,0
2437,46065,574,94
2438,46067,5,0
2439,46069,0,0
2440,46071,2,1
2441,46073,2,0
2442,46075,0,0
2443,46077,0,0
2444,46079,107,2
2445,46081,399,17
2446,46083,349,42
2447,46085,35,8
2448,46087,11,0
2449,46089,0,1
2450,46091,50,10
2451,46093,160,86
2452,46095,0,0
2453,46097,21,2
2454,46099,4126,538
2455,46101,33,4
2456,46103,3043,469
2457,46105,21,2
2458,46107,8,1
2459,46109,152,37
2460,46111,12,4
2461,46113,0,184
2462,46115,40,8
2463,46117,40,3
2464,46119,2,1
2465,46121,56,148
2466,46123,41,5
2467,46125,36,13
2468,46127,88,6
2469,46129,78,7
2470,46135,372,23
2471,46137,8,1
2472,47000,250262,44819
2473,47001,3056,304
2474,47003,967,141
2475,47005,389,29
2476,47007,119,18
2477,47009,3026,463
2478,47011,3411,741
2479,47013,2281,305
2480,47015,193,31
2481,47017,574,71
2482,47019,1443,138
2483,47021,924,102
2484,47023,386,58
2485,47025,996,131
2486,47027,87,18
2487,47029,1597,204
2488,47031,1813,244
2489,47033,247,45
2490,47035,1935,162
2491,47037,34024,8519
2492,47039,256,37
2493,47041,607,75
2494,47043,1700,221
2495,47045,1808,247
2496,47047,806,170
2497,47049,548,61
2498,47051,1033,131
2499,47053,1497,218
2500,47055,813,128
2501,47057,422,41
2502,47059,1608,255
2503,47061,219,60
2504,47063,2723,325
2505,47065,17951,2504
2506,47067,172,3
2507,47069,893,151
2508,47071,1242,212
2509,47073,1864,154
2510,47075,938,236
2511,47077,844,172
2512,47079,1082,132
2513,47081,431,47
2514,47083,203,30
2515,47085,255,25
2516,47087,166,23
2517,47089,1651,150
2518,47091,244,72
2519,47093,18119,2557
2520,47095,127,18
2521,47097,944,203
2522,47099,1245,227
2523,47101,293,59
2524,47103,902,176
2525,47105,1145,164
2526,47107,2329,337
2527,47109,632,78
2528,47111,205,44
2529,47113,5568,866
2530,47115,635,92
2531,47117,586,138
2532,47119,2863,602
2533,47121,377,39
2534,47123,1306,211
2535,47125,5725,1118
2536,47127,103,16
2537,47129,367,20
2538,47131,970,116
2539,47133,400,61
2540,47135,179,21
2541,47137,72,1
2542,47139,318,47
2543,47141,2810,248
2544,47143,875,90
2545,47145,1877,130
2546,47147,1635,382
2547,47149,7748,1220
2548,47151,882,135
2549,47153,237,45
2550,47155,4552,343
2551,47157,61181,13769
2552,47159,161,63
2553,47161,220,61
2554,47163,5791,737
2555,47165,3141,550
2556,47167,1544,406
2557,47169,174,35
2558,47171,193,17
2559,47173,338,25
2560,47175,87,6
2561,47177,1041,113
2562,47179,3953,564
2563,47181,140,28
2564,47183,947,126
2565,47185,785,130
2566,47187,2231,276
2567,47189,2865,505
2568,48000,969021,123497
2569,48001,1358,193
2570,48003,327,60
2571,48005,2697,324
2572,48007,956,51
2573,48009,94,10
2574,48011,10,0
2575,48013,891,100
2576,48015,435,43
2577,48017,128,16
2578,48019,209,12
2579,48021,1586,280
2580,48023,77,24
2581,48025,583,91
2582,48027,10101,1328
2583,48029,111061,10631
2584,48031,111,14
2585,48033,5,0
2586,48035,157,28
2587,48037,3286,625
2588,48039,6796,583
2589,48041,7631,888
2590,48043,138,23
2591,48045,15,0
2592,48047,207,41
2593,48049,1062,117
2594,48051,228,58
2595,48053,915,105
2596,48055,710,165
2597,48057,482,57
2598,48059,110,10
2599,48061,19168,1666
2600,48063,319,31
2601,48065,71,18
2602,48067,651,85
2603,48069,229,12
2604,48071,771,93
2605,48073,1354,210
2606,48075,130,28
2607,48077,187,16
2608,48079,77,7
2609,48081,5,5
2610,48083,221,11
2611,48085,21152,1800
2612,48087,3,4
2613,48089,386,84
2614,48091,3053,301
2615,48093,222,26
2616,48095,47,5
2617,48097,972,104
2618,48099,1482,154
2619,48101,21,4
2620,48103,56,8
2621,48105,56,11
2622,48107,37,10
2623,48109,2,1
2624,48111,116,10
2625,48113,120180,14480
2626,48115,300,30
2627,48117,536,84
2628,48119,77,8
2629,48121,15801,1416
2630,48123,351,38
2631,48125,8,3
2632,48127,278,87
2633,48129,54,4
2634,48131,340,59
2635,48133,292,24
2636,48135,5234,776
2637,48137,51,3
2638,48139,4144,416
2639,48141,23111,3255
2640,48143,894,79
2641,48145,121,27
2642,48147,615,66
2643,48149,256,15
2644,48151,51,15
2645,48153,95,23
2646,48155,12,0
2647,48157,11213,2004
2648,48159,132,15
2649,48161,301,31
2650,48163,301,38
2651,48165,195,14
2652,48167,10270,1170
2653,48169,58,3
2654,48171,336,15
2655,48173,4,1
2656,48175,49,6
2657,48177,355,117
2658,48179,931,153
2659,48181,3487,335
2660,48183,6720,960
2661,48185,690,63
2662,48187,3125,314
2663,48189,1199,101
2664,48191,108,5
2665,48193,156,18
2666,48195,63,13
2667,48197,103,10
2668,48199,954,76
2669,48201,175378,34166
2670,48203,2105,261
2671,48205,67,5
2672,48207,74,2
2673,48209,3518,378
2674,48211,61,12
2675,48213,2164,307
2676,48215,33640,2624
2677,48217,691,40
2678,48219,554,107
2679,48221,1070,66
2680,48223,476,93
2681,48225,516,56
2682,48227,1706,185
2683,48229,34,3
2684,48231,3290,391
2685,48233,656,216
2686,48235,26,6
2687,48237,125,4
2688,48239,250,41
2689,48241,597,79
2690,48243,11,8
2691,48245,10883,1568
2692,48247,83,10
2693,48249,2259,291
2694,48251,3676,461
2695,48253,408,64
2696,48255,286,36
2697,48257,3308,423
2698,48259,477,37
2699,48261,9,3
2700,48263,11,7
2701,48265,1163,117
2702,48267,57,18
2703,48269,3,0
2704,48271,28,4
2705,48273,1788,224
2706,48275,35,12
2707,48277,1872,199
2708,48279,291,49
2709,48281,308,29
2710,48283,108,4
2711,48285,204,27
2712,48287,304,51
2713,48289,106,26
2714,48291,2555,306
2715,48293,707,95
2716,48295,13,3
2717,48297,92,8
2718,48299,412,25
2719,48301,12,0
2720,48303,13648,2256
2721,48305,76,6
2722,48307,191,21
2723,48309,10768,1414
2724,48311,0,1
2725,48313,275,42
2726,48315,251,34
2727,48317,43,8
2728,48319,30,6
2729,48321,1470,198
2730,48323,1705,271
2731,48325,744,100
2732,48327,8,3
2733,48329,4161,518
2734,48331,716,49
2735,48333,34,3
2736,48335,151,18
2737,48337,488,30
2738,48339,10237,1031
2739,48341,590,72
2740,48343,257,43
2741,48345,10,2
2742,48347,1880,213
2743,48349,2029,134
2744,48351,158,15
2745,48353,408,150
2746,48355,19483,2402
2747,48357,98,11
2748,48359,26,4
2749,48361,2664,389
2750,48363,750,95
2751,48365,407,49
2752,48367,2207,149
2753,48369,122,15
2754,48371,318,27
2755,48373,1144,99
2756,48375,6123,857
2757,48377,53,9
2758,48379,129,22
2759,48381,4917,682
2760,48383,20,1
2761,48385,7,2
2762,48387,149,8
2763,48389,222,20
2764,48391,109,16
2765,48393,18,2
2766,48395,361,72
2767,48397,1801,160
2768,48399,119,11
2769,48401,1588,229
2770,48403,115,35
2771,48405,144,38
2772,48407,589,55
2773,48409,2150,175
2774,48411,39,3
2775,48413,17,1
2776,48415,367,132
2777,48417,15,0
2778,48419,618,92
2779,48421,8,3
2780,48423,6838,963
2781,48425,100,8
2782,48427,1240,181
2783,48429,151,16
2784,48431,13,2
2785,48433,9,3
2786,48435,41,23
2787,48437,161,20
2788,48439,79080,8920
2789,48441,4606,642
2790,48443,17,2
2791,48445,147,29
2792,48447,5,1
2793,48449,794,157
2794,48451,4852,394
2795,48453,50641,4276
2796,48455,173,34
2797,48457,312,56
2798,48459,1036,110
2799,48461,14,6
2800,48463,1118,111
2801,48465,1029,94
2802,48467,1237,110
2803,48469,3947,524
2804,48471,1623,223
2805,48473,993,149
2806,48475,365,82
2807,48477,659,109
2808,48479,14761,1436
2809,48481,1162,171
2810,48483,48,9
2811,48485,7532,609
2812,48487,356,45
2813,48489,661,275
2814,48491,7840,591
2815,48493,471,64
2816,48495,106,11
2817,48497,875,167
2818,48499,675,112
2819,48501,106,21
2820,48503,393,47
2821,48505,145,46
2822,48507,292,47
2823,49000,91430,6068
2824,49001,74,9
2825,49003,1051,66
2826,49005,1951,87
2827,49007,599,36
2828,49009,25,1
2829,49011,6739,306
2830,49013,317,22
2831,49015,150,6
2832,49017,0,0
2833,49019,279,24
2834,49021,1144,56
2835,49023,231,12
2836,49025,116,20
2837,49027,267,20
2838,49029,62,1
2839,49031,0,0
2840,49033,45,2
2841,49035,50790,3818
2842,49037,99,18
2843,49039,131,15
2844,49041,607,24
2845,49043,1110,29
2846,49045,1702,117
2847,49047,670,72
2848,49049,11919,462
2849,49051,223,16
2850,49053,3239,271
2851,49055,72,2
2852,49057,7818,556
2853,50000,15841,851
2854,50001,600,16
2855,50003,787,59
2856,50005,572,36
2857,50007,5886,295
2858,50009,7,0
2859,50011,1537,106
2860,50013,84,0
2861,50015,486,19
2862,50017,255,20
2863,50019,494,21
2864,50021,1833,65
2865,50023,1203,61
2866,50025,1023,89
2867,50027,1074,64
2868,51000,196676,20028
2869,51001,785,79
2870,51003,2314,136
2871,51005,170,15
2872,51007,161,15
2873,51009,559,34
2874,51011,124,10
2875,51013,5295,317
2876,51015,811,82
2877,51017,33,2
2878,51019,799,55
2879,51021,58,1
2880,51023,360,20
2881,51025,166,23
2882,51027,495,47
2883,51029,208,31
2884,51031,974,98
2885,51033,498,66
2886,51035,481,60
2887,51036,29,7
2888,51037,174,35
2889,51041,7262,624
2890,51043,258,16
2891,51045,7,8
2892,51047,828,103
2893,51049,77,16
2894,51051,265,31
2895,51053,500,53
2896,51057,225,19
2897,51059,19447,799
2898,51061,887,66
2899,51063,159,10
2900,51065,225,18
2901,51067,756,51
2902,51069,1691,135
2903,51071,305,20
2904,51073,510,23
2905,51075,204,72
2906,51077,158,23
2907,51079,220,36
2908,51081,205,15
2909,51083,874,72
2910,51085,1392,75
2911,51087,9184,589
2912,51089,1216,157
2913,51091,16,2
2914,51093,768,59
2915,51095,927,71
2916,51097,45,9
2917,51099,417,33
2918,51101,118,7
2919,51103,149,10
2920,51105,440,24
2921,51107,4078,350
2922,51109,494,44
2923,51111,149,25
2924,51113,173,14
2925,51115,89,5
2926,51117,783,82
2927,51119,80,6
2928,51121,2295,158
2929,51125,267,10
2930,51127,273,38
2931,51131,297,20
2932,51133,184,12
2933,51135,286,44
2934,51137,394,26
2935,51139,456,32
2936,51141,400,18
2937,51143,647,75
2938,51145,319,24
2939,51147,272,36
2940,51149,440,41
2941,51153,7794,591
2942,51155,1091,97
2943,51157,48,4
2944,51159,58,13
2945,51161,1496,138
2946,51163,293,23
2947,51165,595,31
2948,51167,441,33
2949,51169,565,45
2950,51171,589,72
2951,51173,591,81
2952,51175,387,31
2953,51177,2479,286
2954,51179,1703,182
2955,51181,94,16
2956,51183,199,41
2957,51185,1055,92
2958,51187,1137,50
2959,51191,1551,77
2960,51193,282,20
2961,51195,755,70
2962,51197,467,32
2963,51199,1283,67
2964,51510,3402,326
2965,51515,226,13
2966,51520,709,73
2967,51530,55,4
2968,51540,1956,220
2969,51550,7080,1014
2970,51560,0,0
2971,51570,795,44
2972,51580,172,13
2973,51590,2718,261
2974,51595,341,43
2975,51600,646,33
2976,51610,376,17
2977,51620,499,44
2978,51630,1150,136
2979,51640,267,32
2980,51650,5256,481
2981,51660,1228,143
2982,51670,1001,279
2983,51678,70,3
2984,51680,2750,347
2985,51683,1086,148
2986,51685,190,23
2987,51690,547,59
2988,51700,7482,1242
2989,51710,12813,2004
2990,51720,282,11
2991,51730,2702,636
2992,51735,208,15
2993,51740,5669,723
2994,51750,630,83
2995,51760,9067,1614
2996,51770,5112,752
2997,51775,764,36
2998,51780,0,0
2999,51790,611,62
3000,51800,2153,314
3001,51810,12658,1044
3002,51820,637,92
3003,51830,489,27
3004,51840,1321,86
3005,53000,247172,21691
3006,53001,896,57
3007,53003,565,42
3008,53005,4319,416
3009,53007,2085,134
3010,53009,1883,182
3011,53011,11952,982
3012,53013,206,2
3013,53015,3805,297
3014,53017,1023,72
3015,53019,38,9
3016,53021,1864,180
3017,53023,56,2
3018,53025,4219,261
3019,53027,2465,121
3020,53029,1836,105
3021,53031,809,52
3022,53033,80156,6806
3023,53035,6405,1103
3024,53037,1857,76
3025,53039,395,23
3026,53041,2685,203
3027,53043,195,14
3028,53045,2565,212
3029,53047,1052,55
3030,53049,656,50
3031,53051,409,10
3032,53053,35129,4189
3033,53055,259,6
3034,53057,5350,243
3035,53059,213,11
3036,53061,22876,1758
3037,53063,17592,1917
3038,53065,1022,46
3039,53067,8272,629
3040,53069,50,6
3041,53071,1937,156
3042,53073,7196,444
3043,53075,743,46
3044,53077,12137,774
3045,54000,42366,4664
3046,54001,156,27
3047,54003,2997,254
3048,54005,408,46
3049,54007,145,46
3050,54009,274,25
3051,54011,5081,403
3052,54013,99,10
3053,54015,82,16
3054,54017,39,5
3055,54019,819,98
3056,54021,66,14
3057,54023,82,14
3058,54025,411,32
3059,54027,277,31
3060,54029,259,23
3061,54031,194,34
3062,54033,1929,162
3063,54035,302,25
3064,54037,1025,88
3065,54039,6929,978
3066,54041,183,27
3067,54043,307,50
3068,54045,1166,111
3069,54047,152,42
3070,54049,903,102
3071,54051,681,58
3072,54053,531,37
3073,54055,1647,244
3074,54057,432,212
3075,54059,368,83
3076,54061,2313,151
3077,54063,122,27
3078,54065,214,17
3079,54067,690,49
3080,54069,1051,176
3081,54071,29,5
3082,54073,27,4
3083,54075,97,26
3084,54077,236,33
3085,54079,1360,100
3086,54081,2707,272
3087,54083,503,88
3088,54085,129,16
3089,54087,173,30
3090,54089,204,23
3091,54091,55,0
3092,54093,67,6
3093,54095,41,6
3094,54097,262,24
3095,54099,1103,84
3096,54101,72,46
3097,54103,30,6
3098,54105,123,13
3099,54107,2434,147
3100,54109,380,18
3101,55000,155153,15484
3102,55001,620,31
3103,55003,540,33
3104,55005,710,28
3105,55007,411,28
3106,55009,6162,585
3107,55011,98,2
3108,55013,366,15
3109,55015,721,44
3110,55017,1174,57
3111,55019,512,20
3112,55021,1211,100
3113,55023,173,22
3114,55025,14259,1239
3115,55027,1351,105
3116,55029,376,15
3117,55031,1750,93
3118,55033,786,86
3119,55035,2269,103
3120,55037,117,6
3121,55039,1857,214
3122,55041,174,8
3123,55043,666,73
3124,55045,746,35
3125,55047,310,6
3126,55049,306,19
3127,55051,124,17
3128,55053,380,12
3129,55055,1453,120
3130,55057,418,57
3131,55059,4375,400
3132,55061,280,9
3133,55063,3055,252
3134,55065,196,8
3135,55067,824,29
3136,55069,598,49
3137,55071,1129,117
3138,55073,2366,346
3139,55075,1046,21
3140,55077,190,16
3141,55078,218,46
3142,55079,49973,8102
3143,55081,950,43
3144,55083,685,12
3145,55085,884,26
3146,55087,4825,210
3147,55089,934,45
3148,55091,46,4
3149,55093,826,49
3150,55095,605,93
3151,55097,903,22
3152,55099,174,44
3153,55101,6135,642
3154,55103,254,21
3155,55105,5457,397
3156,55107,315,10
3157,55109,1638,53
3158,55111,1836,86
3159,55113,491,30
3160,55115,852,36
3161,55117,3162,118
3162,55119,363,22
3163,55121,326,13
3164,55123,319,23
3165,55125,660,21
3166,55127,2446,113
3167,55129,346,11
3168,55131,2412,118
3169,55133,6095,236
3170,55135,1106,66
3171,55137,304,7
3172,55139,3963,319
3173,55141,1551,26
3174,56000,14363,1296
3175,56001,1026,34
3176,56003,120,46
3177,56005,1093,67
3178,56007,345,40
3179,56009,277,13
3180,56011,141,5
3181,56013,921,137
3182,56015,225,31
3183,56017,89,17
3184,56019,137,27
3185,56021,3143,185
3186,56023,176,18
3187,56025,2773,194
3188,56027,36,2
3189,56029,587,76
3190,56031,140,7
3191,56033,537,42
3192,56035,221,22
3193,56037,1207,229
3194,56039,537,52
3195,56041,442,17
3196,56043,48,23
3197,56045,142,12
