,FIPS,Normalized Land area
0,0,1065.9998400353784
1,1000,15.28577555332192
2,1001,0.17941390489343606
3,1003,0.479827464035877
4,1005,0.2670745174653517
5,1007,0.1879071208339873
6,1009,0.1946075257337825
7,1011,0.18797653944330947
8,1013,0.23446286208594294
9,1015,0.18286370795670898
10,1017,0.18004470877814646
11,1019,0.16711775644219018
12,1021,0.20911601508212294
13,1023,0.275712607025358
14,1025,0.3737950655968201
15,1027,0.18228723167929417
16,1029,0.1690494047015906
17,1031,0.20492675291954826
18,1033,0.17886459241966904
19,1035,0.2565953256581044
20,1037,0.1964637189830501
21,1039,0.31101347896590087
22,1041,0.183760113477087
23,1043,0.22178943858403294
24,1045,0.16936631574414848
25,1047,0.2953912736679999
26,1049,0.23454133529648108
27,1051,0.1866726768682142
28,1053,0.285244083905337
29,1055,0.16147070348384923
30,1057,0.18944036663988637
31,1059,0.1912995780895593
32,1061,0.17336844948159374
33,1063,0.19531076642822048
34,1065,0.19435399689973623
35,1067,0.16954740776846727
36,1069,0.1750012959008682
37,1071,0.3253227670874905
38,1073,0.33540657464164186
39,1075,0.18255585151536705
40,1077,0.20152524106276032
41,1079,0.20846106559416996
42,1081,0.18336774742439627
43,1083,0.1690011134951056
44,1085,0.2160759852167751
45,1087,0.18377520447911355
46,1089,0.24193592628949834
47,1091,0.2948419611942329
48,1093,0.2240379978859912
49,1095,0.17078185173424038
50,1097,0.37106963063082227
51,1099,0.30957077917216114
52,1101,0.2367023667866853
53,1103,0.17485642228141315
54,1105,0.21720781036876752
55,1107,0.266027201924708
56,1109,0.2028502310406928
57,1111,0.17522162453045603
58,1113,0.19350890078624852
59,1115,0.19072008361173914
60,1117,0.23690760441424658
61,1119,0.27281211643585207
62,1121,0.22237496946266366
63,1123,0.21626009544149918
64,1125,0.39893365677267345
65,1127,0.23879699786797265
66,1129,0.32602902598233385
67,1131,0.2681671060120751
68,1133,0.18500964844488665
69,2000,172.2308746578292
70,2013,2.107289413787223
71,2016,1.32507448754383
72,2020,0.5145065866929254
73,2050,12.244839044355528
74,2060,0.1520690092212987
75,2068,3.8486310830314396
76,2070,5.604429932217107
77,2090,2.214818839627315
78,2100,0.6997999459759113
79,2105,2.271171659394917
80,2110,0.8154966221127811
81,2122,4.851856752154295
82,2130,1.4663655031177554
83,2150,1.9767945010631027
84,2164,7.138650616847112
85,2170,7.427157375390594
86,2180,6.930319333870371
87,2185,26.770052241141773
88,2188,10.736517537403515
89,2195,0.9905673366229715
90,2198,1.1840007823990872
91,2220,0.8663261351386603
92,2230,0.13652225893353057
93,2240,7.475723238112488
94,2261,10.334281969387426
95,2270,5.155517894932853
96,2275,0.7670695966095313
97,2282,2.3087603272426875
98,2290,43.91626161530076
99,4000,34.28496982971766
100,4001,3.379635940250232
101,4003,1.8609288057035354
102,4005,5.619554134448131
103,4007,1.4360386254451687
104,4009,1.3951933193600656
105,4011,0.5562935713044862
106,4012,1.3580785089759295
107,4013,2.77678662769379
108,4015,4.017550705115602
109,4017,3.0032361677036263
110,4019,2.77283278516283
111,4021,1.6194486276752393
112,4023,0.37332724453399657
113,4025,2.451835099256153
114,4027,1.6642326852892761
115,5000,15.705350682666532
116,5001,0.29843060147615025
117,5003,0.2792891745056541
118,5005,0.16729281206569832
119,5007,0.25575022954461674
120,5009,0.1781432425227992
121,5011,0.1959506249141469
122,5013,0.18971804107717521
123,5015,0.19017378933837747
124,5017,0.19446265211432748
125,5019,0.2613972825029577
126,5021,0.19300486131856123
127,5023,0.16711473824178488
128,5025,0.1804219838288106
129,5027,0.2312092420490153
130,5029,0.16668011738341976
131,5031,0.21345015086415264
132,5033,0.17900644783871877
133,5035,0.1840377879143758
134,5037,0.18603583658269313
135,5039,0.20143167685019558
136,5041,0.23184306413413108
137,5043,0.2500156487745217
138,5045,0.1955431678594296
139,5047,0.18376614987789763
140,5049,0.18658213085605482
141,5051,0.20456758707131598
142,5053,0.19069291980809133
143,5055,0.1743614374149418
144,5057,0.2195801158873437
145,5059,0.1856796889348662
146,5061,0.17763618485470656
147,5063,0.23057541996389957
148,5065,0.17523067913167198
149,5067,0.19133579649442306
150,5069,0.2628098002926442
151,5071,0.1991408627425629
152,5073,0.15944247281147877
153,5075,0.17735247401660714
154,5077,0.1818827928249822
155,5079,0.16947798915914508
156,5081,0.16064371657279344
157,5083,0.21372782530144144
158,5085,0.2326217598387019
159,5087,0.2517963870136565
160,5089,0.18018958239760152
161,5091,0.18881258095558126
162,5093,0.2718100739012881
163,5095,0.18324098300737313
164,5097,0.23538341320956344
165,5099,0.18647649384186885
166,5101,0.24776407127215805
167,5103,0.2211676893005384
168,5105,0.16642357034896815
169,5107,0.2099641293960159
170,5109,0.18127915274391956
171,5111,0.22889730053854543
172,5113,0.2588650123628999
173,5115,0.24524387393372155
174,5117,0.19556731346267212
175,5119,0.22931079399407334
176,5121,0.1968440122341196
177,5123,0.19158630712806404
178,5125,0.21839698132846094
179,5127,0.2693200585669047
180,5129,0.20104232899791022
181,5131,0.16054109775901276
182,5133,0.17056755950546312
183,5135,0.1824321052987492
184,5137,0.18302669077859587
185,5139,0.31365440432054986
186,5141,0.21373084350184676
187,5143,0.2843054235792846
188,5145,0.3124078875531555
189,5147,0.17710498158337146
190,5149,0.28068660129331413
191,6000,47.01729049433693
192,6001,0.22305104635345382
193,6003,0.22284279052548722
194,6005,0.17945615969911044
195,6007,0.4939164235278789
196,6009,0.30785945954234856
197,6011,0.34731337524060235
198,6013,0.21608503981799104
199,6015,0.3037426341895014
200,6017,0.5154724108226256
201,6019,1.7982407832851808
202,6021,0.3965764422561239
203,6023,1.0768908864153335
204,6025,1.2605815812830983
205,6027,3.0727936142444734
206,6029,2.454376423997427
207,6031,0.4193548007150224
208,6033,0.3792248081259785
209,6035,1.3706191316600058
210,6037,1.2247495060712204
211,6039,0.6450105540182615
212,6041,0.1570399852888495
213,6043,0.43728291112258255
214,6045,1.0582836809165779
215,6047,0.5840127238268823
216,6049,1.1824615001923775
217,6051,0.9202432671791747
218,6053,0.9901508249670382
219,6055,0.22587004553201634
220,6057,0.2890741802196794
221,6059,0.23860986944284324
222,6061,0.4246638152279682
223,6063,0.7705586362780733
224,6065,2.175060085688125
225,6067,0.29114768389812956
226,6069,0.4191405084862451
227,6071,6.053586443734191
228,6073,1.2696452371002538
229,6075,0.014146305299702823
230,6077,0.4199282587920318
231,6079,0.9955745310953861
232,6081,0.13533912437464782
233,6083,0.8255049746567996
234,6085,0.38937803428945195
235,6087,0.13436122744332635
236,6089,1.139491381021934
237,6091,0.2876978808348566
238,6093,1.8947930142511493
239,6095,0.2480266547074203
240,6097,0.47562311087127573
241,6099,0.45116965118742847
242,6101,0.1818194106164706
243,6103,0.8902815917556308
244,6105,0.9595613638591893
245,6107,1.4560462759319899
246,6109,0.6703060916151912
247,6111,0.5562935713044862
248,6113,0.306253776926722
249,6115,0.19070197440930728
250,8000,31.281199440542288
251,8001,0.3524201703263922
252,8003,0.21810723408955085
253,8005,0.24088257434804405
254,8007,0.4075113823245735
255,8009,0.7711411489562987
256,8011,0.4566114665182081
257,8013,0.21920887723749016
258,8014,0.009969115938749398
259,8015,0.30586442907443656
260,8017,0.5367205416760302
261,8019,0.11928833461919239
262,8021,0.3885601019796121
263,8023,0.3703180987298993
264,8025,0.23765913631516955
265,8027,0.2229333365376466
266,8029,0.34469357728879046
267,8031,0.04617846620129149
268,8033,0.3220570742489417
269,8035,0.25360428905643906
270,8037,0.5084249128762193
271,8039,0.5586236220173879
272,8041,0.6419108622020049
273,8043,0.462711249537346
274,8045,0.8896326786684885
275,8047,0.04524282407564441
276,8049,0.5572593954341863
277,8051,0.9776252932849886
278,8053,0.33720844028361385
279,8055,0.48019568448532524
280,8057,0.48705303580619674
281,8059,0.2306538931744377
282,8061,0.5335484130500461
283,8063,0.6521787799808803
284,8065,0.11375899147665867
285,8067,0.5107036541822307
286,8069,0.7835248252192987
287,8071,1.4404874528426004
288,8073,0.7779803910747385
289,8075,0.5549112355188527
290,8077,1.004749860327538
291,8079,0.2642947548920583
292,8081,1.4316199800517901
293,8083,0.6125528268595236
294,8085,0.6762881648185217
295,8087,0.38645943449751413
296,8089,0.3808848183489007
297,8091,0.16346271575135593
298,8093,0.6621478959196296
299,8095,0.20763106048270882
300,8097,0.29297671334374936
301,8099,0.4945019544065097
302,8101,0.7201727987117753
303,8103,0.9721412231485346
304,8105,0.2752478041629398
305,8107,0.7129079903361866
306,8109,0.9563258530246936
307,8111,0.11695224750548
308,8113,0.3883246823479976
309,8115,0.16540945501278292
310,8117,0.18361523985763198
311,8119,0.16813187177837538
312,8121,0.759991916659072
313,8123,1.203428938408088
314,8125,0.713626322032651
315,9000,1.4615212914672278
316,9001,0.18860432512761463
317,9003,0.22186791179457108
318,9005,0.2778434565115091
319,9007,0.11146214096821534
320,9009,0.1824532327015864
321,9011,0.200674108548462
322,9013,0.12380959882635151
323,9015,0.15480651698891776
324,10000,0.5881084217768923
325,10001,0.17692087135864734
326,10003,0.1286628650780951
327,10005,0.2825277035405552
328,11000,0.018426113474436897
329,11001,0.018426113474436897
330,12000,16.185027236682142
331,12001,0.26409857186571295
332,12003,0.1766341423201426
333,12005,0.22891842794138265
334,12007,0.08872301911458591
335,12009,0.30654654236603734
336,12011,0.3651388668343819
337,12013,0.17123156359463204
338,12015,0.20532213717264428
339,12017,0.17556871757706707
340,12019,0.1824079596955067
341,12021,0.6031330233945412
342,12023,0.24072260972656245
343,12027,0.19227747502088074
344,12029,0.21279821957660497
345,12031,0.23004421669256447
346,12033,0.19813278380718832
347,12035,0.14652155687633311
348,12037,0.1613922302733111
349,12039,0.15583874152753488
350,12041,0.1055404317729909
351,12043,0.24326997086864674
352,12045,0.17022952106006806
353,12047,0.1550721186245853
354,12049,0.1924947854500633
355,12051,0.34792305172247556
356,12053,0.1426220419526685
357,12055,0.3068362896049474
358,12057,0.30791982355045483
359,12059,0.1445053990055839
360,12061,0.15177624378198334
361,12063,0.2769983603980214
362,12065,0.18051856624178067
363,12067,0.16401202822512292
364,12069,0.28322188963377715
365,12071,0.23678083999722344
366,12073,0.2012686940283087
367,12075,0.3374981875225239
368,12077,0.25218875306634714
369,12079,0.21005165720777003
370,12081,0.22423116271193128
371,12083,0.4782489452238982
372,12085,0.1640271192271495
373,12086,0.5727699273170908
374,12087,0.2967736094536333
375,12089,0.1957725510902334
376,12091,0.28076809270425757
377,12093,0.23207244736493488
378,12095,0.27267327921720763
379,12097,0.4006510128032967
380,12099,0.5945130430369668
381,12101,0.2254263700724353
382,12103,0.08263832709747458
383,12105,0.5426241416688228
384,12107,0.21961029789139683
385,12109,0.1812912255455408
386,12111,0.17261993578107607
387,12113,0.30532417120188554
388,12115,0.16777270593014315
389,12117,0.09332879293309383
390,12119,0.16507443476779315
391,12121,0.20781818890783826
392,12123,0.31489186648672823
393,12125,0.07351128907180755
394,12127,0.3323129192261959
395,12129,0.1830297089790012
396,12131,0.3131775286565104
397,12133,0.1759007196216515
398,13000,17.35872388289749
399,13001,0.15304690615262018
400,13003,0.10243168535551833
401,13005,0.07804462608058793
402,13007,0.10320434465927851
403,13009,0.07782127925059475
404,13011,0.07004941320691334
405,13013,0.048384770697575415
406,13015,0.13869838142576138
407,13017,0.075491228537693
408,13019,0.1363924763161021
409,13021,0.0753825733231017
410,13023,0.06515389214949538
411,13025,0.13351311312943337
412,13027,0.14881237098396582
413,13029,0.13158448307043824
414,13031,0.20306754146987532
415,13033,0.24959611891818317
416,13035,0.055652597273569526
417,13037,0.08462128476376532
418,13039,0.1850247394469132
419,13043,0.07335434265073126
420,13045,0.15063234582836965
421,13047,0.04894313777255835
422,13049,0.23348194695421615
423,13051,0.12870813808417478
424,13053,0.07507471688175978
425,13055,0.09457229150008284
426,13057,0.1272684564908404
427,13059,0.035976948831332976
428,13061,0.0589695995190087
429,13063,0.042728663138018534
430,13065,0.24152243283397043
431,13067,0.10248299476240866
432,13069,0.17357670530956038
433,13071,0.1642353750551161
434,13073,0.08755497555772972
435,13075,0.06856144040709396
436,13077,0.13306943766985233
437,13079,0.09805831296821955
438,13081,0.08227010664802636
439,13083,0.05251065065163851
440,13085,0.06363271914521755
441,13087,0.18022881900287058
442,13089,0.08076100644536978
443,13091,0.14966953989907475
444,13093,0.11829534668584435
445,13095,0.09920522912223856
446,13097,0.060385135509100574
447,13099,0.15470993457594776
448,13101,0.12522211661603808
449,13103,0.14417943336181008
450,13105,0.10595694342892412
451,13107,0.2054187195856143
452,13109,0.0551877944111513
453,13111,0.11671984607427088
454,13113,0.05865570667685613
455,13115,0.15390105686732383
456,13117,0.06761372547982562
457,13119,0.07892594059893937
458,13121,0.15895050614541273
459,13123,0.12873832008822791
460,13125,0.0433836126259715
461,13127,0.12668896201302027
462,13129,0.10739058862144787
463,13131,0.13718626302269948
464,13133,0.11693715650345343
465,13135,0.12989730904386818
466,13137,0.08352567801663664
467,13139,0.11854887551989066
468,13141,0.14241076792429658
469,13143,0.0851645608367217
470,13145,0.14000526220126197
471,13147,0.07013995921907273
472,13149,0.08934778659848575
473,13151,0.09722528965635312
474,13153,0.11334549802113077
475,13155,0.10694691316186683
476,13157,0.10251619496686712
477,13159,0.11112108432241495
478,13161,0.09982396020532776
479,13163,0.15890523313933305
480,13165,0.10481606367571573
481,13167,0.09145449048139434
482,13169,0.11889596856650167
483,13171,0.05538397743749666
484,13173,0.05591518070883177
485,13175,0.24365931872093213
486,13177,0.10738153402023193
487,13179,0.14783145585223903
488,13181,0.06349690012697845
489,13183,0.12081554402428085
490,13185,0.14972386750637037
491,13187,0.0853939440675255
492,13189,0.07770658763519285
493,13191,0.12806224319743778
494,13193,0.1209211810384668
495,13195,0.08520681564239609
496,13197,0.110466134834462
497,13199,0.15127824071510668
498,13201,0.08524001584685453
499,13205,0.1545590245556821
500,13207,0.11941811723662087
501,13209,0.07229193610806103
502,13211,0.10483719107855294
503,13213,0.10396794936182274
504,13215,0.06531083857057167
505,13217,0.08214334223100322
506,13219,0.05562241526951639
507,13221,0.13250201599365344
508,13223,0.09423425305468777
509,13225,0.045354497490640994
510,13227,0.0700403586056974
511,13229,0.0955230246277565
512,13231,0.06522029255841227
513,13233,0.09366381317808357
514,13235,0.07516224469351385
515,13237,0.10401925876871305
516,13239,0.04564726292995638
517,13241,0.11167039679618194
518,13243,0.12925141415713115
519,13245,0.09788929374552201
520,13247,0.03917322306055962
521,13249,0.050376782965082106
522,13251,0.19470410814675254
523,13253,0.07099712813418167
524,13255,0.059298583363187836
525,13257,0.054065023860374796
526,13259,0.13845390719293102
527,13261,0.14568853356446668
528,13263,0.11812934566355213
529,13265,0.05873719808779959
530,13267,0.1446925274307133
531,13269,0.11369259106774177
532,13271,0.1319859037243449
533,13273,0.10124251439582495
534,13275,0.1643711940733552
535,13277,0.07814724489436858
536,13279,0.10986551295380467
537,13281,0.05027114595089615
538,13283,0.06019498888356584
539,13285,0.12495047857955989
540,13287,0.08613642136723253
541,13289,0.10817230252642397
542,13291,0.09716492564824686
543,13293,0.09762067390944915
544,13295,0.13472642969236925
545,13297,0.0982967508002393
546,13299,0.2693623133725791
547,13301,0.0858074375230534
548,13303,0.20476980649847198
549,13305,0.19370206561218856
550,13307,0.06311660687590899
551,13309,0.08918178557619352
552,13311,0.07264506555548267
553,13313,0.0876666489727263
554,13315,0.11400044750908371
555,13317,0.14170149082904798
556,13319,0.13500712233006337
557,13321,0.17224869713122257
558,15000,1.938478446917652
559,15001,1.2158578876771677
560,15003,0.18131537114878332
561,15005,0.0036188222859704897
562,15007,0.18711635232779525
563,15009,0.3505700134779352
564,16000,24.943349828034485
565,16001,0.31768973826245356
566,16003,0.41139882444661685
567,16005,0.3356208668704191
568,16007,0.2942111573095224
569,16009,0.23439947987743134
570,16011,0.632005128471767
571,16013,0.7978884409481841
572,16015,0.5732286937786983
573,16017,0.5235279877044063
574,16019,0.5632203412346799
575,16021,0.38287683061640737
576,16023,0.6735627298525241
577,16025,0.3243026153504947
578,16027,0.17728003720687963
579,16029,0.5324558245033227
580,16031,0.7741925495660704
581,16033,0.532467897304944
582,16035,0.7416533309963891
583,16037,1.4852383102521787
584,16039,0.9280181514232613
585,16041,0.20030286989860846
586,16043,0.562450700131325
587,16045,0.16929086073401564
588,16047,0.2200177549461141
589,16049,2.5586341205981595
590,16051,0.33004021432099506
591,16053,0.18024391000489717
592,16055,0.37550336702622733
593,16057,0.324758363611697
594,16059,1.3773225547602064
595,16061,0.14451143540639455
596,16063,0.3626096148947295
597,16065,0.1416169812176992
598,16067,0.2286558445061204
599,16069,0.25597055817420455
600,16071,0.36220215784001214
601,16073,2.313604538893215
602,16075,0.12280151989097692
603,16077,0.42382777371569647
604,16079,0.7936871059839882
605,16081,0.1356560354172057
606,16083,0.5798596800691714
607,16085,1.1060255749278214
608,16087,0.43853848249119287
609,17000,16.75672570285535
610,17001,0.25811649866238223
611,17003,0.07108163774553045
612,17005,0.11477612501324919
613,17007,0.0847269217779513
614,17009,0.09223922258677576
615,17011,0.2622906698229303
616,17013,0.07661098088806417
617,17015,0.13425257222873507
618,17017,0.11343000763247953
619,17019,0.3006942517801351
620,17021,0.2141051003521056
621,17023,0.15133860472321292
622,17025,0.14134836138162635
623,17027,0.14308986301549204
624,17029,0.15341210840166308
625,17031,0.28531953891546985
626,17033,0.1338964245809081
627,17035,0.10443577042464627
628,17037,0.19054200978782568
629,17039,0.11997648431160379
630,17041,0.12575935628818383
631,17043,0.09884606327400629
632,17045,0.18814555866600702
633,17047,0.06713081341497551
634,17049,0.1445053990055839
635,17051,0.21624802263987794
636,17053,0.14656984808281812
637,17055,0.12341119637285017
638,17057,0.2612554270839079
639,17059,0.09750900049445256
640,17061,0.1638943184093157
641,17063,0.12617284974371173
642,17065,0.13119211701774752
643,17067,0.2395636207709222
644,17069,0.053582111795524696
645,17071,0.11435055875610005
646,17073,0.2483948751568685
647,17075,0.337229567686451
648,17077,0.1762870492735316
649,17079,0.14925302824314152
650,17081,0.17239055255027227
651,17083,0.1114530863669994
652,17085,0.1814210081629693
653,17087,0.10380194833953052
654,17089,0.15696453027871665
655,17091,0.20419936662186777
656,17093,0.09668503178380206
657,17095,0.21622387703663543
658,17097,0.13390849738252938
659,17099,0.3426019644079084
660,17101,0.11233138268494554
661,17103,0.21878934738115163
662,17105,0.31518765012644895
663,17107,0.1865428942507857
664,17109,0.1778957500895635
665,17111,0.1820487938472744
666,17113,0.35716779956394984
667,17115,0.17526387933613044
668,17117,0.2604435311748787
669,17119,0.21597638460339977
670,17121,0.17274971839850456
671,17123,0.11674097347710807
672,17125,0.16275343865610734
673,17127,0.07159775001483899
674,17129,0.0949042935446673
675,17131,0.16938140674617508
676,17133,0.11620373380496232
677,17135,0.2123877443214824
678,17137,0.17167222085380773
679,17139,0.1013934244160906
680,17141,0.22895162814584108
681,17143,0.18688998729739675
682,17145,0.13333202110511455
683,17147,0.1325593618013544
684,17149,0.2509271452969263
685,17151,0.11130217634673374
686,17153,0.060119533873433016
687,17155,0.04833949769149572
688,17157,0.1736974333257729
689,17159,0.10865219639086877
690,17161,0.12907032213281236
691,17163,0.198525149859879
692,17165,0.11463728779460479
693,17167,0.2620703411933425
694,17169,0.13197684912312893
695,17171,0.07572966636971273
696,17173,0.2289365371438145
697,17175,0.08694831727626177
698,17177,0.17038344928073904
699,17179,0.19587215170360875
700,17181,0.12479051395807829
701,17183,0.2711460698121192
702,17185,0.0673813240486165
703,17187,0.1637102081845916
704,17189,0.169794900201703
705,17191,0.21544216313165931
706,17193,0.14933150145367965
707,17195,0.2065203627335536
708,17197,0.2525962101210644
709,17199,0.12680969002923279
710,17201,0.15494233600715687
711,17203,0.15930061739242907
712,18000,10.81303797227942
713,18001,0.10232604834133237
714,18003,0.1983893308416399
715,18005,0.12281359269259817
716,18007,0.12266570087273783
717,18009,0.0498244522909098
718,18011,0.12764271334109925
719,18013,0.09416181624496026
720,18015,0.1123434554865668
721,18017,0.12439814790538758
722,18019,0.11253662031250683
723,18021,0.10791273729156706
724,18023,0.12225824381802054
725,18025,0.0922482771879917
726,18027,0.1296286892077953
727,18029,0.0920641669632676
728,18031,0.11244909250075275
729,18033,0.1095063471055724
730,18035,0.11834967429313999
731,18037,0.1289586487178158
732,18039,0.13979398817289007
733,18041,0.06489432691463845
734,18043,0.04465125679620303
735,18045,0.11941811723662087
736,18047,0.11602867818145417
737,18049,0.11118748473133183
738,18051,0.14713425155861168
739,18053,0.12497462418280239
740,18055,0.16373737198823943
741,18057,0.11899858738028232
742,18059,0.0923629688033936
743,18061,0.14623784603823367
744,18063,0.12281359269259817
745,18065,0.11827723748341247
746,18067,0.08845138107810774
747,18069,0.11549143850930842
748,18071,0.153719964843005
749,18073,0.1689075492825409
750,18075,0.11587173176037789
751,18077,0.10884536121680882
752,18079,0.11365939086328332
753,18081,0.09671219558744988
754,18083,0.15574819551537547
755,18085,0.1603811331375312
756,18087,0.11457692378649853
757,18089,0.1505961274235059
758,18091,0.1805789302498869
759,18093,0.13556850760545164
760,18095,0.13639851271691275
761,18097,0.1196112820625609
762,18099,0.1338964245809081
763,18101,0.10133306040798434
764,18103,0.11283240395222752
765,18105,0.11907102419000984
766,18107,0.15230141065250782
767,18109,0.12192624177343611
768,18111,0.12125921948386188
769,18113,0.12399974545188623
770,18115,0.02599877829136764
771,18117,0.12024208594727134
772,18119,0.1162882434163111
773,18121,0.1342072992226554
774,18123,0.11521376407201961
775,18125,0.10088033034718737
776,18127,0.12620604994817017
777,18129,0.12361643400041147
778,18131,0.13088426057640556
779,18133,0.1450335840765137
780,18135,0.13653734993555713
781,18137,0.13474152069439582
782,18139,0.12317879494164106
783,18141,0.13818830555726347
784,18143,0.057466535717162745
785,18145,0.12409330966445095
786,18147,0.11974408288039468
787,18149,0.09330162912944599
788,18151,0.09324428332174504
789,18153,0.13495581292317305
790,18155,0.06659055554242445
791,18157,0.1508526744579575
792,18159,0.07863619336002932
793,18161,0.04865942693445891
794,18163,0.07046894306325187
795,18165,0.0775315320116847
796,18167,0.12172704054668543
797,18169,0.12447963931633103
798,18171,0.11006773238096065
799,18173,0.11614638799726137
800,18175,0.15505400942215344
801,18177,0.12125318308305126
802,18179,0.11109693871917244
803,18181,0.15245835707358413
804,18183,0.10128175100109402
805,19000,16.858801240563036
806,19001,0.17181709447326277
807,19003,0.12780267796258082
808,19005,0.19288715150275404
809,19007,0.1500920879558186
810,19009,0.13369420515375213
811,19011,0.21618464043136637
812,19013,0.17076072433140316
813,19015,0.17251128056648482
814,19017,0.1314365912505779
815,19019,0.17234527954419257
816,19021,0.17352237770226472
817,19023,0.1750948601134329
818,19025,0.17202836850163472
819,19027,0.17186840388015312
820,19029,0.1703079942706062
821,19031,0.1748866042854663
822,19033,0.1715273472343527
823,19035,0.17412299958292204
824,19037,0.15223199204318563
825,19039,0.13013574687588791
826,19041,0.1712043997909842
827,19043,0.23497897435525147
828,19045,0.20974078256602274
829,19047,0.21555685474706124
830,19049,0.17760600285065345
831,19051,0.15157100615442204
832,19053,0.16053204315779684
833,19055,0.17437954661737365
834,19057,0.1255933552658916
835,19059,0.11487572562662454
836,19061,0.18360014885560538
837,19063,0.11948451764553775
838,19065,0.2205731038206917
839,19067,0.15110016689119318
840,19069,0.1756502089880105
841,19071,0.15427531371758263
842,19073,0.1719076404854222
843,19075,0.1514714055410467
844,19077,0.1782609523386064
845,19079,0.17407470837643704
846,19081,0.17234226134378727
847,19083,0.171829167274884
848,19085,0.2103232952442482
849,19087,0.13108949820396687
850,19089,0.14283633418144573
851,19091,0.13109553460477752
852,19093,0.13023836568966857
853,19095,0.17700538096999613
854,19097,0.19196961857953881
855,19099,0.22045539400488448
856,19101,0.13144564585179383
857,19103,0.18532957768784983
858,19105,0.17373365173063665
859,19107,0.17480813107492812
860,19109,0.29358638982562263
861,19111,0.15619790737576714
862,19113,0.21636875065609049
863,19115,0.1212622376842672
864,19117,0.12996069125237975
865,19119,0.17736454681822839
866,19121,0.1693240609384741
867,19123,0.17229698833770757
868,19125,0.16736826707583116
869,19127,0.17279197320417894
870,19129,0.13202815853001929
871,19131,0.1415928356144567
872,19133,0.20948423553157114
873,19135,0.13090538797924278
874,19137,0.1280018791893315
875,19139,0.13203721313123523
876,19141,0.17295495602606584
877,19143,0.12032961375902543
878,19145,0.1614556124818227
879,19147,0.17017821165317773
880,19149,0.2604374947740681
881,19151,0.17422260019629737
882,19153,0.17318433925686963
883,19155,0.2868135481160998
884,19157,0.1765435963079832
885,19159,0.1616246317045202
886,19161,0.17354954150591254
887,19163,0.13826074236699096
888,19165,0.1783092435450914
889,19167,0.23189739174142673
890,19169,0.17288855561714897
891,19171,0.2176152674234848
892,19173,0.16053807955860747
893,19175,0.1278660601710924
894,19177,0.14631933744917713
895,19179,0.13033494810263857
896,19181,0.17198611369596034
897,19183,0.17168731185583433
898,19185,0.15858832209677517
899,19187,0.215988457405021
900,19189,0.12087590803238711
901,19191,0.2082165913613396
902,19193,0.2634375859769494
903,19195,0.12076423461739053
904,19197,0.17518238792518695
905,20000,24.67642018418859
906,20001,0.15100056627781785
907,20003,0.17494998649397783
908,20005,0.13013574687588791
909,20007,0.34228505336535053
910,20009,0.2702496642917412
911,20011,0.19179758115643597
912,20013,0.1723000065381129
913,20015,0.43156040315410876
914,20017,0.23332500053313984
915,20019,0.19282678749464774
916,20021,0.1773404012149859
917,20023,0.3078232411374848
918,20025,0.29416286610303743
919,20027,0.1947644721548588
920,20029,0.21590394779367225
921,20031,0.18922607441110917
922,20033,0.23792473795083713
923,20035,0.33977391062813
924,20037,0.17800138710374946
925,20039,0.2696822426155423
926,20041,0.25566270173286265
927,20043,0.1187390221454254
928,20045,0.13759070187701145
929,20047,0.18769886500602068
930,20049,0.19445359751311156
931,20051,0.2716108726745374
932,20053,0.21605787601434323
933,20055,0.3929606381705587
934,20057,0.3314798959143294
935,20059,0.17256862637418577
936,20061,0.11608602398915512
937,20063,0.3234514828361964
938,20065,0.2711913428181989
939,20067,0.17348615929740097
940,20069,0.26224237861644534
941,20071,0.23495181055160366
942,20073,0.3450708523394546
943,20075,0.3007666885898626
944,20077,0.2418393438765283
945,20079,0.16290736687677831
946,20081,0.17430710980764613
947,20083,0.25956221665652723
948,20085,0.1980603469974608
949,20087,0.16074029898576347
950,20089,0.2745898364745815
951,20091,0.1428755707867148
952,20093,0.2627464180841326
953,20095,0.2605793501931178
954,20097,0.21810723408955085
955,20099,0.1947644721548588
956,20101,0.21654380627959866
957,20103,0.13969136935910942
958,20105,0.21712933715822938
959,20107,0.1792992132780341
960,20109,0.32384988528969777
961,20111,0.25578342974907514
962,20113,0.27111588780806606
963,20115,0.28500564607331724
964,20117,0.27169236408548086
965,20119,0.2952071634432758
966,20121,0.1737457245322579
967,20123,0.21181428624447288
968,20125,0.19423025068311836
969,20127,0.20984943778061402
970,20129,0.2202471381769179
971,20131,0.21653475167838268
972,20133,0.17248109856243168
973,20135,0.32438108856103287
974,20137,0.26503723219176534
975,20139,0.2129400749956547
976,20141,0.26937438617420034
977,20143,0.21753075781213604
978,20145,0.2276507837711511
979,20147,0.267376337505883
980,20149,0.2538366904876482
981,20151,0.22185282079254448
982,20153,0.32277238774500094
983,20155,0.37888978788098865
984,20157,0.21651664247595082
985,20159,0.2191937862354636
986,20161,0.1840408061147811
987,20163,0.26877980069435364
988,20165,0.21663435229175804
989,20167,0.2674910291212849
990,20169,0.2173798477918704
991,20171,0.21656795188284114
992,20173,0.3010685086303939
993,20175,0.19301391591977718
994,20177,0.164196138449847
995,20179,0.2704186835144387
996,20181,0.31874309020390784
997,20183,0.27027079169457835
998,20185,0.23905656310282955
999,20187,0.20534326457548147
1000,20189,0.21951069727802147
1001,20191,0.35673317870558474
1002,20193,0.324362979358601
1003,20195,0.26846288965179577
1004,20197,0.239735658194025
1005,20199,0.2757578800314377
1006,20201,0.2700564994658011
1007,20203,0.21687882652458843
1008,20205,0.17216418751987378
1009,20207,0.15025205257730018
1010,20209,0.045755918144547644
1011,21000,11.91776873923336
1012,21001,0.12232162602653211
1013,21003,0.10392871275655366
1014,21005,0.060916338780435696
1015,21007,0.07444693119745463
1016,21009,0.14714934256063825
1017,21011,0.08414440909972586
1018,21013,0.10835339455074278
1019,21015,0.07435638518529523
1020,21017,0.08744330214273315
1021,21019,0.04824895167933633
1022,21021,0.05437891670252737
1023,21023,0.06205721853364408
1024,21025,0.14861920615802576
1025,21027,0.171183272388147
1026,21029,0.08964658843861174
1027,21031,0.12860250106998883
1028,21033,0.10406453177479277
1029,21035,0.11620675200536763
1030,21037,0.04566839033279357
1031,21039,0.05717377027784737
1032,21041,0.03880500261111142
1033,21043,0.12359530659757428
1034,21045,0.13407751660522693
1035,21047,0.2165558790812199
1036,21049,0.07619748743253628
1037,21051,0.14162905401932047
1038,21053,0.059534002994802264
1039,21055,0.10864012358924752
1040,21057,0.0921094399693473
1041,21059,0.13833921557752912
1042,21061,0.09141525387612527
1043,21063,0.07072247189729818
1044,21065,0.07638461585766569
1045,21067,0.08561125449670803
1046,21069,0.10519635692678521
1047,21071,0.11872091294299351
1048,21073,0.0627031134203811
1049,21075,0.06202401832918563
1050,21077,0.030553242702985213
1051,21079,0.0694427549254454
1052,21081,0.07786051585586383
1053,21083,0.1665261891627488
1054,21085,0.1499140141319051
1055,21087,0.08632958619317257
1056,21089,0.10394682195898554
1057,21091,0.056636530605701625
1058,21093,0.1881183948623592
1059,21095,0.14059682948070334
1060,21097,0.09246558761717426
1061,21099,0.12437702050255038
1062,21101,0.13179575709881017
1063,21103,0.0864050412033054
1064,21105,0.07312194121952216
1065,21107,0.16358646196797377
1066,21109,0.1041882779914106
1067,21111,0.1148183798189236
1068,21113,0.05194926537625027
1069,21115,0.07906175961717847
1070,21117,0.048366661495143536
1071,21119,0.10609578064756851
1072,21121,0.11659308165724773
1073,21123,0.07893197699974999
1074,21125,0.13097480658856497
1075,21127,0.12543640884481533
1076,21129,0.06303813366537085
1077,21131,0.12098154504657306
1078,21133,0.10198800989593731
1079,21135,0.14573078837014106
1080,21137,0.10083807554151299
1081,21139,0.09450890929157127
1082,21141,0.166643898978556
1083,21143,0.06454119746721682
1084,21145,0.07507471688175978
1085,21147,0.12881679329876605
1086,21149,0.07620050563294158
1087,21151,0.13198288552393958
1088,21153,0.09309337330147939
1089,21155,0.10352729210264701
1090,21157,0.09092328721005923
1091,21159,0.06930089950639569
1092,21161,0.07247604633278514
1093,21163,0.09218187677907481
1094,21165,0.06144754205177081
1095,21167,0.07509282608419166
1096,21169,0.08742217473989594
1097,21171,0.09941046674979985
1098,21173,0.05957022139966602
1099,21175,0.11503267204770082
1100,21177,0.1409741045313675
1101,21179,0.12601288512223013
1102,21181,0.05890621731049712
1103,21183,0.1772498552028265
1104,21185,0.056506747988273154
1105,21187,0.10596901623054537
1106,21189,0.05958229420128727
1107,21191,0.08365244243365981
1108,21193,0.10251921316727243
1109,21195,0.2374810624912561
1110,21197,0.0540197508542951
1111,21199,0.19872133288622437
1112,21201,0.030154840249483873
1113,21203,0.09554113383018838
1114,21205,0.08444924734066248
1115,21207,0.07655967148117385
1116,21209,0.08504383282050916
1117,21211,0.11458296018730915
1118,21213,0.07068625349243442
1119,21215,0.05634376516638624
1120,21217,0.08038373139470563
1121,21219,0.11303160517897819
1122,21221,0.13323242049173922
1123,21223,0.04577100914657421
1124,21225,0.10347900089616201
1125,21227,0.16346573395176126
1126,21229,0.08972204344874457
1127,21231,0.13828488797023347
1128,21233,0.10018614425396534
1129,21235,0.13214586834582648
1130,21237,0.06705535840484268
1131,21239,0.05697758725150201
1132,22000,13.039802849110963
1133,22001,0.19772834495287633
1134,22003,0.2299415978787838
1135,22005,0.08752177535327128
1136,22007,0.1022143749263358
1137,22009,0.25124405633948416
1138,22011,0.3493084057085143
1139,22013,0.24485754428184148
1140,22015,0.25354694324873805
1141,22017,0.26516097840838315
1142,22019,0.3210339043115406
1143,22021,0.1597925840584951
1144,22023,0.3878055518782838
1145,22025,0.2136976432973883
1146,22027,0.22783791219628052
1147,22029,0.2103444226470854
1148,22031,0.26426759108841047
1149,22033,0.1374397918567458
1150,22035,0.12697569105152504
1151,22037,0.13684822457730442
1152,22039,0.1999195584471337
1153,22041,0.18851377911545525
1154,22043,0.1940793406628527
1155,22045,0.17327790346943436
1156,22047,0.18671493167388858
1157,22049,0.17178993066961495
1158,22051,0.08922705858227321
1159,22053,0.19658444699926267
1160,22055,0.0811050812915755
1161,22057,0.32240718549595804
1162,22059,0.18854094291910303
1163,22061,0.14238058592024344
1164,22063,0.19563069567118369
1165,22065,0.18846850610937554
1166,22067,0.23992580481955975
1167,22069,0.3779541457553416
1168,22071,0.05113435126681571
1169,22073,0.18423397094072116
1170,22075,0.23539246781077938
1171,22077,0.1682193995901295
1172,22079,0.39778674061865443
1173,22081,0.1174351595703301
1174,22083,0.1687294754586274
1175,22085,0.2615753563268711
1176,22087,0.11394310170138276
1177,22089,0.08423193691147993
1178,22091,0.12326330455298982
1179,22093,0.07290161258993429
1180,22095,0.0643087960360077
1181,22097,0.2788454990460731
1182,22099,0.22263755289792592
1183,22101,0.1676248141102828
1184,22103,0.255203935271255
1185,22105,0.23882416167162043
1186,22107,0.1819310840314672
1187,22109,0.3717879623272868
1188,22111,0.26469315734555965
1189,22113,0.354095271551341
1190,22115,0.40078985002194106
1191,22117,0.2020775717369326
1192,22119,0.17898833863628685
1193,22121,0.05806715759782006
1194,22123,0.10854957757708812
1195,22125,0.12169685854263229
1196,22127,0.2867562023083989
1197,23000,9.309011364504165
1198,23001,0.14123065156581913
1199,23003,2.0135410909977907
1200,23005,0.25209217065337713
1201,23007,0.5120708989658376
1202,23009,0.47895520411874154
1203,23011,0.26183492156172805
1204,23013,0.11020355139919974
1205,23015,0.13757561087498488
1206,23017,0.6268319329770603
1207,23019,1.0253913328994748
1208,23021,1.195466925738872
1209,23023,0.0765717442827951
1210,23025,1.1844625670611002
1211,23027,0.22030448398461883
1212,23029,0.7734621450679846
1213,23031,0.299016132354781
1214,24000,2.929839570247221
1215,24001,0.1280199883917634
1216,24003,0.12522513481644337
1217,24005,0.1805789302498869
1218,24009,0.0643329416392502
1219,24011,0.09640735734651326
1220,24013,0.13509465014181746
1221,24015,0.1045112254347791
1222,24017,0.13815812355321033
1223,24019,0.16321522331812024
1224,24021,0.19926762715958607
1225,24023,0.1953077482278152
1226,24025,0.1319225215158333
1227,24027,0.07567835696282241
1228,24029,0.08361320582839071
1229,24031,0.14826909491100942
1230,24033,0.14568551536406135
1231,24035,0.11224989127400209
1232,24037,0.10780408207697578
1233,24039,0.09649790335867266
1234,24041,0.08105075368427986
1235,24043,0.13816717815442625
1236,24045,0.11301349597654631
1237,24047,0.14133628858000508
1238,24510,0.02442931408060479
1239,25000,2.354214425346704
1240,25001,0.1188325863579901
1241,25003,0.2797358681656405
1242,25005,0.1669366644178714
1243,25007,0.031162919184858473
1244,25009,0.14866447916410547
1245,25011,0.21106879074436055
1246,25013,0.18626521981349692
1247,25015,0.15913763457054217
1248,25017,0.2468344655473216
1249,25019,0.013572847222693321
1250,25021,0.11955393625485995
1251,25023,0.19892355231338038
1252,25025,0.01755083535689608
1253,25027,0.4559806626334977
1254,26000,17.064573089596074
1255,26001,0.2036047811420211
1256,26003,0.2761864644889922
1257,26005,0.24907095204765867
1258,26007,0.1725988083782389
1259,26009,0.14357579328074746
1260,26011,0.10961802052056899
1261,26013,0.27111286960766073
1262,26015,0.1669336462174661
1263,26017,0.13349500392700148
1264,26019,0.09649186695786202
1265,26021,0.17135832801165518
1266,26023,0.15283261392384295
1267,26025,0.21315436722443196
1268,26027,0.14790992906277717
1269,26029,0.12565975567480847
1270,26031,0.21587980219042974
1271,26033,0.4703623875648149
1272,26035,0.1703230852726328
1273,26037,0.17095388915734322
1274,26039,0.16789645214676097
1275,26041,0.3534614494662252
1276,26043,0.2298057788605447
1277,26045,0.17360085091280286
1278,26047,0.14109785074798534
1279,26049,0.19225332941763826
1280,26051,0.1514472599378042
1281,26053,0.3325604116594315
1282,26055,0.14014409941990638
1283,26057,0.17157262024043243
1284,26059,0.1805276208429966
1285,26061,0.3045666029001519
1286,26063,0.2522340260724269
1287,26065,0.16784816094027596
1288,26067,0.17242978915554133
1289,26069,0.16572938425574613
1290,26071,0.35196744026559523
1291,26073,0.17284630081147456
1292,26075,0.21177806783960912
1293,26077,0.16952024396481946
1294,26079,0.1689799860922684
1295,26081,0.25562648332799887
1296,26083,0.1630160220913696
1297,26085,0.17124363639625328
1298,26087,0.19407330426204208
1299,26089,0.1047828634712573
1300,26091,0.2262322295806539
1301,26093,0.17060377791032688
1302,26095,0.2713603620408964
1303,26097,0.30833029880557744
1304,26099,0.1446381998234177
1305,26101,0.16363173497405345
1306,26103,0.5458113612968335
1307,26105,0.14942204746583906
1308,26107,0.1675312498977181
1309,26109,0.31512426791793735
1310,26111,0.15581459592429237
1311,26113,0.1704468314892506
1312,26115,0.1658169120675002
1313,26117,0.21290385659079095
1314,26119,0.1649929433568497
1315,26121,0.15068365523525998
1316,26123,0.24544005696006693
1317,26125,0.26187717636740243
1318,26127,0.15455298815487148
1319,26129,0.17007257463899178
1320,26131,0.3957554917458787
1321,26133,0.1709478527565326
1322,26135,0.17074865152978191
1323,26137,0.1554282662724123
1324,26139,0.17006653823818116
1325,26141,0.19881489709878908
1326,26143,0.1568377658616935
1327,26145,0.241489232629512
1328,26147,0.2176635586299698
1329,26149,0.15108809408957194
1330,26151,0.2905229164142297
1331,26153,0.3535399226767634
1332,26155,0.16016684090875394
1333,26157,0.24240072915191654
1334,26159,0.1833466200215591
1335,26161,0.21307589401389382
1336,26163,0.18473801040840848
1337,26165,0.17052832290019407
1338,27000,24.032945894176635
1339,27001,0.5498134950342788
1340,27003,0.12767289534515236
1341,27005,0.396953717306788
1342,27007,0.756041092328517
1343,27009,0.1232331225489367
1344,27011,0.15061423662593776
1345,27013,0.22571309911094006
1346,27015,0.18443920856828247
1347,27017,0.25998174651286576
1348,27019,0.10694389496146152
1349,27021,0.6101412847356784
1350,27023,0.17539366195355888
1351,27025,0.12521306201482213
1352,27027,0.31551361577022274
1353,27029,0.30150011128835374
1354,27031,0.4383272084628209
1355,27033,0.1927452960837043
1356,27035,0.3015484024948387
1357,27037,0.1696741721854904
1358,27039,0.1325835074045969
1359,27041,0.19234991183060826
1360,27043,0.21504074247775268
1361,27045,0.2599576009096233
1362,27047,0.21341393245928889
1363,27049,0.2284294794757219
1364,27051,0.16544567341764668
1365,27053,0.16708455623773175
1366,27055,0.1666227715757188
1367,27057,0.27938877511902943
1368,27059,0.13153015546314262
1369,27061,0.8051713585262047
1370,27063,0.21217345209270516
1371,27065,0.1574263149407296
1372,27067,0.240487190094948
1373,27069,0.331639860535811
1374,27071,0.9368705332120449
1375,27073,0.23089836740726807
1376,27075,0.6366259932923014
1377,27077,0.3917231760043803
1378,27079,0.13544476138883377
1379,27081,0.16200492495558966
1380,27083,0.2156685281620578
1381,27085,0.14833549531992635
1382,27087,0.1683793642116111
1383,27089,0.5357516993459247
1384,27091,0.21500150587248362
1385,27093,0.1835609122503363
1386,27095,0.17273462739647796
1387,27097,0.3395656548001634
1388,27099,0.21469364943114166
1389,27101,0.21269258256241905
1390,27103,0.13536326997789033
1391,27105,0.21583452918435006
1392,27107,0.2634255131753281
1393,27109,0.1971941234811359
1394,27111,0.5952102473305941
1395,27113,0.1860931823903941
1396,27115,0.42595560500144225
1397,27117,0.14036442804949426
1398,27119,0.5949265364924947
1399,27121,0.20213189934422826
1400,27123,0.04594002836927175
1401,27125,0.13051000372614677
1402,27127,0.2651700330095991
1403,27129,0.2966619360386367
1404,27131,0.14960615769056318
1405,27133,0.14561609675473916
1406,27135,0.5045223797521493
1407,27137,1.8855905212153492
1408,27139,0.10759280804860386
1409,27141,0.13066393194681772
1410,27143,0.17770560346402878
1411,27145,0.4053835510388277
1412,27147,0.1296769804142803
1413,27149,0.1701057748434502
1414,27151,0.22397461567747967
1415,27153,0.2852139019012839
1416,27155,0.17321452126092277
1417,27157,0.15784584479706812
1418,27159,0.16185703313572933
1419,27161,0.12777853235933834
1420,27163,0.11598340517537446
1421,27165,0.13127662662909628
1422,27167,0.22665477763739778
1423,27169,0.18900272758111597
1424,27171,0.1996418840098449
1425,27173,0.22911159276732268
1426,28000,14.162383253261927
1427,28001,0.13956460494208625
1428,28003,0.12074008901414802
1429,28005,0.22035881159191448
1430,28007,0.22183169338970732
1431,28009,0.12272606488084409
1432,28011,0.2645663929285365
1433,28013,0.1770385811744546
1434,28015,0.18961542226339453
1435,28017,0.1514472599378042
1436,28019,0.12621510454938611
1437,28021,0.1471101059553692
1438,28023,0.2087236490294322
1439,28025,0.12377036222108244
1440,28027,0.16673746319112073
1441,28029,0.23458660830256076
1442,28031,0.12489011457145363
1443,28033,0.14371161229898655
1444,28035,0.1407417031001584
1445,28037,0.17016010245074584
1446,28039,0.1444842716027467
1447,28041,0.21512525208910144
1448,28043,0.1274012573086742
1449,28045,0.14298724420171138
1450,28047,0.1732416850645706
1451,28049,0.2625049620517076
1452,28051,0.22838722467004752
1453,28053,0.12630866876195082
1454,28055,0.12466676774146046
1455,28057,0.16080669939468034
1456,28059,0.2181404342940093
1457,28061,0.20410278420889777
1458,28063,0.1569252936734476
1459,28065,0.12327537735461108
1460,28067,0.20970456416115899
1461,28069,0.23124847865428438
1462,28071,0.19066273780403822
1463,28073,0.15002266934649638
1464,28075,0.21236963511905052
1465,28077,0.12998483685562226
1466,28079,0.17596108362975776
1467,28081,0.13580392723706605
1468,28083,0.17884044681642652
1469,28085,0.17690276215621548
1470,28087,0.15257304868898602
1471,28089,0.21565343716003124
1472,28091,0.16370115358337567
1473,28093,0.2131422944228107
1474,28095,0.23091949481010526
1475,28097,0.12283472009543536
1476,28099,0.17207967790852502
1477,28101,0.17448216543115433
1478,28103,0.20980718297493964
1479,28105,0.13829394257144942
1480,28107,0.20678898256962647
1481,28109,0.24473379806522363
1482,28111,0.19535302123389486
1483,28113,0.12345043297811924
1484,28115,0.15021281597203112
1485,28117,0.1252492804196859
1486,28119,0.12224013461558866
1487,28121,0.23405842323163095
1488,28123,0.18386575049127296
1489,28125,0.13030174789818014
1490,28127,0.17782029507943067
1491,28129,0.19203300078805038
1492,28131,0.13445780985629638
1493,28133,0.21059493328072637
1494,28135,0.1947614539544535
1495,28137,0.12216467960545584
1496,28139,0.13817925095604752
1497,28141,0.1280471521954112
1498,28143,0.13722851782837386
1499,28145,0.12543640884481533
1500,28147,0.12191718717222015
1501,28149,0.17762109385268002
1502,28151,0.21874105617466663
1503,28153,0.2447005978607652
1504,28155,0.12704812786125255
1505,28157,0.20466718768469133
1506,28159,0.1832802196126422
1507,28161,0.14098919553339406
1508,28163,0.27856480640837894
1509,29000,20.747568352584334
1510,29001,0.17122854539422672
1511,29003,0.13059753153790082
1512,29005,0.16518610818278973
1513,29007,0.20893190485739882
1514,29009,0.2348914465434974
1515,29011,0.1786533183912971
1516,29013,0.25252980971214756
1517,29015,0.21249941773647898
1518,29017,0.18649762124470604
1519,29019,0.20687047398056993
1520,29021,0.12315163113799324
1521,29023,0.2096653275558899
1522,29025,0.1286930470821482
1523,29027,0.2518929694266265
1524,29029,0.19796980098530137
1525,29031,0.1746149662489881
1526,29033,0.20965023655386336
1527,29035,0.15313141576396896
1528,29037,0.2103202770438429
1529,29039,0.14320757283129926
1530,29041,0.22672117804631464
1531,29043,0.16981904580494545
1532,29045,0.15232555625575034
1533,29047,0.11991310210309222
1534,29049,0.12645052418100053
1535,29051,0.11884164095920603
1536,29053,0.17045890429087185
1537,29055,0.22410741649531343
1538,29057,0.1478948380607506
1539,29059,0.16321522331812024
1540,29061,0.16999711962885894
1541,29063,0.1271748922782757
1542,29065,0.22720710831157007
1543,29067,0.2455698395774954
1544,29069,0.16330576933027965
1545,29071,0.2784833149974355
1546,29073,0.1562824169871159
1547,29075,0.14832040431789978
1548,29077,0.2038190733707983
1549,29079,0.1313762272424716
1550,29081,0.21806497928387647
1551,29083,0.21035347724830133
1552,29085,0.12045335997564326
1553,29087,0.13964911455343504
1554,29089,0.13999922580045135
1555,29091,0.27986263258266364
1556,29093,0.16607949550276244
1557,29095,0.18243814169955982
1558,29097,0.19270907767884055
1559,29099,0.19818409321407862
1560,29101,0.25029332321181047
1561,29103,0.15212031862818903
1562,29105,0.2308078213951087
1563,29107,0.18967276807109548
1564,29109,0.18463539159462783
1565,29111,0.15243119326993632
1566,29113,0.18910836459530192
1567,29115,0.18578834414945744
1568,29117,0.16066786217603596
1569,29119,0.16282587546583485
1570,29121,0.24182727107490706
1571,29123,0.14921680983827776
1572,29125,0.1590531249591934
1573,29127,0.13187121210894298
1574,29129,0.13697800719473285
1575,29131,0.17885855601885842
1576,29133,0.12422309228187942
1577,29135,0.12526437142171246
1578,29137,0.1954737492501074
1579,29139,0.1618509967349187
1580,29141,0.18037671082273093
1581,29143,0.20368023615215392
1582,29145,0.18856810672275087
1583,29147,0.2646841027443437
1584,29149,0.2383774680116341
1585,29151,0.1824049414951014
1586,29153,0.22484687559461516
1587,29155,0.14865844276329485
1588,29157,0.1431683362260302
1589,29159,0.20590766805127503
1590,29161,0.20275666682812807
1591,29163,0.20235222797381613
1592,29165,0.12682176283085406
1593,29167,0.1918126721584625
1594,29169,0.16512574417468348
1595,29171,0.1561375433676609
1596,29173,0.14178901864080207
1597,29175,0.14568249716365606
1598,29177,0.17167825725461835
1599,29179,0.24401546636875912
1600,29181,0.19000778831608525
1601,29183,0.16915202351537126
1602,29185,0.20221339075517172
1603,29186,0.15065347323120684
1604,29187,0.1363894581156968
1605,29189,0.15326421658180273
1606,29195,0.22802504062140994
1607,29197,0.09274929845527369
1608,29199,0.13179575709881017
1609,29201,0.12676139882274778
1610,29203,0.30297299308614656
1611,29205,0.1511695855005154
1612,29207,0.24846429376619072
1613,29209,0.14005355340774697
1614,29211,0.19557334986348274
1615,29213,0.1908830664336261
1616,29215,0.35532367911630347
1617,29217,0.2494240814950803
1618,29219,0.12936006937172245
1619,29221,0.22935606700015304
1620,29223,0.22913573837056517
1621,29225,0.17884648321723715
1622,29227,0.0804682410060544
1623,29229,0.20577184903303594
1624,29510,0.01868567870929383
1625,30000,43.92863925516294
1626,30001,1.6725719730091564
1627,30003,1.5077299396725725
1628,30005,1.275959312348169
1629,30007,0.35993247113521665
1630,30009,0.6183658808401568
1631,30011,1.008305300404997
1632,30013,0.814358760559978
1633,30015,1.198977092810251
1634,30017,1.1418938685445632
1635,30019,0.43042857800211637
1636,30021,0.7158778995350147
1637,30023,0.22229951445253085
1638,30025,0.48918086709194253
1639,30027,1.3098386118978091
1640,30029,1.5355577474095599
1641,30031,0.7855440012904532
1642,30033,1.4111173446984977
1643,30035,0.9042347322293937
1644,30037,0.354741166438078
1645,30039,0.5213699744146075
1646,30041,0.8749642246986665
1647,30043,0.49989246033039897
1648,30045,0.564349148186267
1649,30047,0.4497571333977419
1650,30049,1.043944210790935
1651,30051,0.43161774896180977
1652,30053,1.0904516608364057
1653,30055,0.7977616765311609
1654,30057,1.0827733590052888
1655,30059,0.7219263731472622
1656,30061,0.3680514302255091
1657,30063,0.782746129514728
1658,30065,0.563848126918985
1659,30067,0.8460196828117131
1660,30069,0.4994729304740604
1661,30071,1.5513670811325901
1662,30073,0.48981167097665296
1663,30075,0.9951912196439113
1664,30077,0.7021511240916504
1665,30079,0.5241829371923593
1666,30081,0.7215973893030831
1667,30083,0.6290352192729388
1668,30085,0.7107228132427398
1669,30087,1.5122391310781103
1670,30089,0.833180258287511
1671,30091,0.5061763535742609
1672,30093,0.21685166272094059
1673,30095,0.5418726097678999
1674,30097,0.5599395573941045
1675,30099,0.685849823702554
1676,30101,0.5781815606438173
1677,30103,0.29499890761530917
1678,30105,1.4867111920499714
1679,30107,0.42955028168417025
1680,30109,0.26839950744328417
1681,30111,0.7947796945307115
1682,30113,0.0
1683,31000,23.18707410318478
1684,31001,0.17000617423007489
1685,31003,0.2587261751442555
1686,31005,0.21590998419448287
1687,31007,0.22519095044082088
1688,31009,0.21455481221249725
1689,31011,0.20721454882677562
1690,31013,0.32454407138291974
1691,31015,0.16296471268447926
1692,31017,0.3686218701021133
1693,31019,0.29219499943877325
1694,31021,0.14836869552438478
1695,31023,0.17653755990717257
1696,31025,0.16824958159418263
1697,31027,0.22344039420573922
1698,31029,0.2699538806520205
1699,31031,1.798974205983672
1700,31033,0.3610642962872091
1701,31035,0.17272859099566734
1702,31037,0.12424723788512193
1703,31039,0.17222455152798005
1704,31041,0.7773435507892174
1705,31043,0.07975896391080581
1706,31045,0.42147961380036286
1707,31047,0.30577388306227715
1708,31049,0.13275554482769975
1709,31051,0.14373575790222906
1710,31053,0.1595752736293126
1711,31055,0.09913581051291635
1712,31057,0.2775778548758415
1713,31059,0.1736581967205038
1714,31061,0.17379401573874292
1715,31063,0.2941507933014162
1716,31065,0.21704784574728594
1717,31067,0.256996746312011
1718,31069,0.5143858586767128
1719,31071,0.17197404089433907
1720,31073,0.13828186976982818
1721,31075,0.23427875186121883
1722,31077,0.1719800772951497
1723,31079,0.16488126994185312
1724,31081,0.16385206360364132
1725,31083,0.167048337832868
1726,31085,0.21521579810126082
1727,31087,0.21427411957480316
1728,31089,0.728110665777749
1729,31091,0.21764846762794327
1730,31093,0.17183822187609998
1731,31095,0.17209476891055162
1732,31097,0.11349942624180173
1733,31099,0.15581157772388704
1734,31101,0.32041215502804604
1735,31103,0.2333280187335452
1736,31105,0.28728740557973403
1737,31107,0.3345222419228851
1738,31109,0.2527893749470045
1739,31111,0.7738877113251338
1740,31113,0.1722366243296013
1741,31115,0.17152131083354208
1742,31117,0.2592573784155906
1743,31119,0.17286441001390646
1744,31121,0.14634650125282495
1745,31123,0.42974344651011026
1746,31125,0.1332927844998455
1747,31127,0.12295544811164788
1748,31129,0.17359481451199224
1749,31131,0.18580947155229463
1750,31133,0.1301085830722401
1751,31135,0.2666097146029335
1752,31137,0.16291943967839956
1753,31139,0.17301833823457743
1754,31141,0.20344481652053947
1755,31143,0.13230281476690278
1756,31145,0.21640195086054892
1757,31147,0.16655637116680194
1758,31149,0.3043311832685375
1759,31151,0.17325073966578652
1760,31153,0.07213197148657943
1761,31155,0.2264344490078099
1762,31157,0.22316573796885572
1763,31159,0.1724690257608104
1764,31161,0.7367004641312702
1765,31163,0.17077883353383508
1766,31165,0.6237835505676939
1767,31167,0.12916388634537707
1768,31169,0.17318735745727495
1769,31171,0.21527012570855647
1770,31173,0.1187903315523157
1771,31175,0.17144887402381456
1772,31177,0.11769774300559234
1773,31179,0.1336821323521309
1774,31181,0.1735193595018594
1775,31183,0.17360085091280286
1776,31185,0.17279499140458424
1777,32000,33.134160197175795
1778,32001,1.4881116370380367
1779,32003,2.38179172245005
1780,32005,0.21420771916588624
1781,32007,5.182198786515822
1782,32009,1.0810831667783134
1783,32011,1.2603039068458095
1784,32013,2.909774573952699
1785,32015,1.6570252227213882
1786,32017,3.209312854977599
1787,32019,0.6039992469108661
1788,32021,1.1326823209075474
1789,32023,5.487667831337161
1790,32027,1.8219547838697265
1791,32029,0.07935452505649385
1792,32031,1.9021815688433559
1793,32033,2.678849042741783
1794,32510,0.04366128706326031
1795,33000,2.7020891858626945
1796,33001,0.12079743482184897
1797,33003,0.2810125669370879
1798,33005,0.2132841498418604
1799,33007,0.5416734085411492
1800,33009,0.5157349942578878
1801,33011,0.264436610311108
1802,33013,0.28193613626111375
1803,33015,0.2096804185579165
1804,33017,0.11136555855524533
1805,33019,0.16217092597788188
1806,34000,2.2196509784762215
1807,34001,0.16772139652325282
1808,34003,0.07032708764420215
1809,34005,0.2410274479674991
1810,34007,0.06678070216795919
1811,34009,0.07588661279078901
1812,34011,0.14599035360499799
1813,34013,0.038092707315457504
1814,34015,0.09718907125148936
1815,34017,0.013941067672141528
1816,34019,0.129124649740108
1817,34021,0.06777670830171253
1818,34023,0.09323522872052911
1819,34025,0.14149021680067606
1820,34027,0.13889154625170141
1821,34029,0.18977840508528143
1822,34031,0.05571296128167579
1823,34033,0.10017407145234408
1824,34035,0.09109230643275676
1825,34037,0.1566476192361588
1826,34039,0.03104520936905126
1827,34041,0.10772560886643764
1828,35000,36.610212549373756
1829,35001,0.3503617576499686
1830,35003,2.0897083964262735
1831,35005,1.830623055433786
1832,35006,1.3701060375911025
1833,35007,1.1342578215191208
1834,35009,0.423996792938394
1835,35011,0.7010132625388473
1836,35013,1.1491828225233947
1837,35015,1.260318997847836
1838,35017,1.195699327170081
1839,35019,0.9146595964293454
1840,35021,0.6415003869468823
1841,35023,1.037313224500462
1842,35025,1.3252706705701756
1843,35027,1.45811977961044
1844,35028,0.032949693824803866
1845,35029,0.8949537659830556
1846,35031,1.6448618750879764
1847,35033,0.5828959896769165
1848,35035,1.9959993102421103
1849,35037,0.8675364335011908
1850,35039,1.7689189663475635
1851,35041,0.738683421797561
1852,35043,1.1199485333975312
1853,35045,1.6639550108519874
1854,35047,1.4233289835383949
1855,35049,0.5762982035909019
1856,35051,1.2612938765787522
1857,35053,2.0061012269986938
1858,35055,0.6649427494949497
1859,35057,1.0095427625711755
1860,35059,1.1540813617812178
1861,35061,0.3217944908136795
1862,36000,14.223691958095054
1863,36001,0.15779151718977247
1864,36003,0.3106663859192898
1865,36005,0.012706623706368443
1866,36007,0.21301553000578755
1867,36009,0.39488625002914846
1868,36011,0.20873270363064816
1869,36013,0.31999866157251816
1870,36015,0.12294639351043195
1871,36017,0.2696912972167582
1872,36019,0.31324392906542725
1873,36021,0.19156819792563218
1874,36023,0.15053576341539962
1875,36025,0.4353572992639928
1876,36027,0.24013707884793167
1877,36029,0.3147047380615989
1878,36031,0.5415345713225047
1879,36033,0.491701064430379
1880,36035,0.1495427754820516
1881,36037,0.14877917077950736
1882,36039,0.19532585743024705
1883,36041,0.5183366830072677
1884,36043,0.42600993260873793
1885,36045,0.3828858852176233
1886,36047,0.021374895270427862
1887,36049,0.38472396926445906
1888,36051,0.19067782880606476
1889,36053,0.19764383534152757
1890,36055,0.1983591488375868
1891,36057,0.12164554913574198
1892,36059,0.08593420194007656
1893,36061,0.006890551525329964
1894,36063,0.1576587163719387
1895,36065,0.3659356717413846
1896,36067,0.23493370134917177
1897,36069,0.19439323350500531
1898,36071,0.24498430869886464
1899,36073,0.11809010905828306
1900,36075,0.28722704157162776
1901,36077,0.30233313460022015
1902,36079,0.0695121735347676
1903,36081,0.032756528998863825
1904,36083,0.19691644904384709
1905,36085,0.017617235765812967
1906,36087,0.052380868034210055
1907,36089,0.8089924002393313
1908,36091,0.24446819642955608
1909,36093,0.061728234689464936
1910,36095,0.18767773760318351
1911,36097,0.09909657390764728
1912,36099,0.0977021653203926
1913,36101,0.41969887556122804
1914,36103,0.27527496796658757
1915,36105,0.29220103583958384
1916,36107,0.15652387301954096
1917,36109,0.14325888223818958
1918,36111,0.33931816236692774
1919,36113,0.2616628841386252
1920,36115,0.25086678128882
1921,36117,0.18224799507402512
1922,36119,0.12993352744873193
1923,36121,0.1789038290249381
1924,36123,0.10205742850525949
1925,37000,14.67385956674792
1926,37001,0.1279535879828465
1927,37003,0.07847019233773708
1928,37005,0.07094581872729136
1929,37007,0.16040226054036838
1930,37009,0.1286175920720154
1931,37011,0.0745767138148831
1932,37013,0.24966251932710007
1933,37015,0.21105369974233398
1934,37017,0.2638903160377463
1935,37019,0.2556325197288095
1936,37021,0.19819616601569987
1937,37023,0.15305294255343083
1938,37025,0.10918339966220389
1939,37027,0.14232927651335311
1940,37029,0.0726058289502136
1941,37031,0.1527963955189792
1942,37033,0.1282493716225672
1943,37035,0.12034168656064669
1944,37037,0.2058986134500591
1945,37039,0.13745790105917766
1946,37041,0.05205490239043623
1947,37043,0.06481585370410031
1948,37045,0.14011995381666387
1949,37047,0.282892905789598
1950,37049,0.21397833593508245
1951,37051,0.19688324883938868
1952,37053,0.07903157761312535
1953,37055,0.11572383994051753
1954,37057,0.16680990000084822
1955,37059,0.07971369090472612
1956,37061,0.2463515534824715
1957,37063,0.08631449519114602
1958,37065,0.1525217392820957
1959,37067,0.123187849542857
1960,37069,0.14839887752843792
1961,37071,0.10745698903036476
1962,37073,0.10275463279888684
1963,37075,0.08815559743838704
1964,37077,0.16043847894523214
1965,37079,0.08026300337849311
1966,37081,0.19488520017107136
1967,37083,0.21854487314832127
1968,37085,0.17957990591572826
1969,37087,0.16711473824178488
1970,37089,0.1126000025210184
1971,37091,0.10656058350998675
1972,37093,0.11793316263720678
1973,37095,0.1849251388335379
1974,37097,0.1731933938580856
1975,37099,0.1481212030911491
1976,37101,0.23883019807243105
1977,37103,0.14206971127849619
1978,37105,0.07695203753386456
1979,37107,0.12090609003644023
1980,37109,0.08992426287590057
1981,37111,0.13298492805850357
1982,37113,0.15560634009632573
1983,37115,0.13568923562166416
1984,37117,0.139205439093854
1985,37119,0.15810541003192508
1986,37121,0.06683201157484951
1987,37123,0.1484230231316804
1988,37125,0.2106220970843742
1989,37127,0.16310656810352897
1990,37129,0.05780759236296313
1991,37131,0.16195361554869936
1992,37133,0.23021021771485667
1993,37135,0.12011230332984288
1994,37137,0.10157451644040941
1995,37139,0.06847693079574518
1996,37141,0.26252307125413943
1997,37143,0.0745767138148831
1998,37145,0.11841003830124625
1999,37147,0.196780630025608
2000,37149,0.07176978743794185
2001,37151,0.23618021811656612
2002,37153,0.14300837160454857
2003,37155,0.2864936188731367
2004,37157,0.17069432392248626
2005,37159,0.15434171412649952
2006,37161,0.17027177586574244
2007,37163,0.28514146509155636
2008,37165,0.0962353199234104
2009,37167,0.119246079813518
2010,37169,0.1354749433928869
2011,37171,0.1606195709695509
2012,37173,0.15936098140053534
2013,37175,0.11424793994231938
2014,37177,0.11742006856830355
2015,37179,0.19060539199633725
2016,37181,0.07651741667549947
2017,37183,0.25208613425256654
2018,37185,0.12931781456604804
2019,37187,0.10507562891057266
2020,37189,0.09433687186846841
2021,37191,0.1669336462174661
2022,37193,0.22765682017196173
2023,37195,0.11112108432241495
2024,37197,0.10105840417110085
2025,37199,0.09434894467008968
2026,38000,20.825824252693295
2027,38001,0.29808350842953923
2028,38003,0.4501796814544857
2029,38005,0.4191405084862451
2030,38007,0.3467459535644034
2031,38009,0.5035625920232598
2032,38011,0.3506575412896893
2033,38013,0.33307954212914537
2034,38015,0.4927664891734546
2035,38017,0.5326942623353424
2036,38019,0.44933458534099807
2037,38021,0.34150032125996915
2038,38023,0.38053168890147904
2039,38025,0.6061934786055287
2040,38027,0.19019793494161996
2041,38029,0.45588106202012235
2042,38031,0.19179154475562535
2043,38033,0.30205847836333666
2044,38035,0.43352826981837306
2045,38037,0.5007617020471292
2046,38039,0.21393608112940807
2047,38041,0.3417266862903677
2048,38043,0.40781622056551015
2049,38045,0.34586765724645735
2050,38047,0.2996529726403021
2051,38049,0.5655956649536613
2052,38051,0.29419304810709057
2053,38053,0.8331198942794048
2054,38055,0.6371058871567463
2055,38057,0.3147862294725423
2056,38059,0.5813868894742599
2057,38061,0.5509121199818128
2058,38063,0.2963208793928363
2059,38065,0.2180679974842818
2060,38067,0.33764306114197895
2061,38069,0.30743389328519943
2062,38071,0.3582151151045935
2063,38073,0.2602775301525865
2064,38075,0.2647112665479915
2065,38077,0.4333471777940542
2066,38079,0.2725676422030217
2067,38081,0.2591155229965409
2068,38083,0.2934837710118419
2069,38085,0.3302182881449085
2070,38087,0.36668720364230756
2071,38089,0.4028512808987699
2072,38091,0.21496226926721454
2073,38093,0.6705596204492373
2074,38095,0.30923274072676604
2075,38097,0.2601537839359686
2076,38099,0.3869121645583111
2077,38101,0.6076482512008897
2078,38103,0.38362836251733035
2079,38105,0.6270009521997578
2080,39000,12.332575111937576
2081,39001,0.17622366706502002
2082,39003,0.12148256631385507
2083,39005,0.1276547861427205
2084,39007,0.21185654105014728
2085,39009,0.15199657241157122
2086,39011,0.1211475460688653
2087,39013,0.16060749816792969
2088,39015,0.14789785626115592
2089,39017,0.14096806813055687
2090,39019,0.11910120619406298
2091,39021,0.12938119677455964
2092,39023,0.11996441150998255
2093,39025,0.13645284032420837
2094,39027,0.1233478141643386
2095,39029,0.16053506135820214
2096,39031,0.17019933905601492
2097,39033,0.12126827408507783
2098,39035,0.13798910433051279
2099,39037,0.18051856624178067
2100,39039,0.12418687387701566
2101,39041,0.13373645995942654
2102,39043,0.07592584939605808
2103,39045,0.15224104664440158
2104,39047,0.12264759167030595
2105,39049,0.16062560737036158
2106,39051,0.12236991723301713
2107,39053,0.14080810350907527
2108,39055,0.12077630741901178
2109,39057,0.12487200536902175
2110,39059,0.15762551616748027
2111,39061,0.12251177265206686
2112,39063,0.16037509673672057
2113,39065,0.1419791652663368
2114,39067,0.12143427510737004
2115,39069,0.12556015506143314
2116,39071,0.16693062801706077
2117,39073,0.12716281947665445
2118,39075,0.12752802172569733
2119,39077,0.14834454992114227
2120,39079,0.12685496303531252
2121,39081,0.12324217715015263
2122,39083,0.15860341309880174
2123,39085,0.06866104102046929
2124,39087,0.13683615177568315
2125,39089,0.2059921776626238
2126,39091,0.1383633611807716
2127,39093,0.14822382190492975
2128,39095,0.10287837901550469
2129,39097,0.1406119204827299
2130,39099,0.12423516508350067
2131,39101,0.12186285956492451
2132,39103,0.1271748922782757
2133,39105,0.12981279943251942
2134,39107,0.1395766777437075
2135,39109,0.12271399207922283
2136,39111,0.13754542887093177
2137,39113,0.13930503970722932
2138,39115,0.12568390127805099
2139,39117,0.12256308205895718
2140,39119,0.2005835625363026
2141,39121,0.12012739433186945
2142,39123,0.07693996473224331
2143,39125,0.1256899376788616
2144,39127,0.12313352193556137
2145,39129,0.15130842271915979
2146,39131,0.1328853274451282
2147,39133,0.14710105135415324
2148,39135,0.12800791559014213
2149,39137,0.14563420595717103
2150,39139,0.14948241147394534
2151,39141,0.20801135373377833
2152,39143,0.12327839555501639
2153,39145,0.18417360693261492
2154,39147,0.16630887873356626
2155,39149,0.12304599412380729
2156,39151,0.17362801471645067
2157,39153,0.12457622172930106
2158,39155,0.18661533106051323
2159,39157,0.17132512780719672
2160,39159,0.13030476609858546
2161,39161,0.12349268778379364
2162,39163,0.12445851191349384
2163,39165,0.1211234004656228
2164,39167,0.19074121101457636
2165,39169,0.16748899509204368
2166,39171,0.1270571824624685
2167,39173,0.18628634721633414
2168,39175,0.12280151989097692
2169,40000,20.70332153464244
2170,40001,0.17308775684389963
2171,40003,0.26151499231876485
2172,40005,0.2944314859391103
2173,40007,0.547703772950965
2174,40009,0.2721843307515469
2175,40011,0.28021576203008525
2176,40013,0.27298717205936024
2177,40015,0.3858135396107771
2178,40017,0.2706209029415947
2179,40019,0.24815040092403812
2180,40021,0.22618695657457422
2181,40023,0.2325100864237053
2182,40025,0.5537613011644285
2183,40027,0.1626115832370576
2184,40029,0.1559443785417208
2185,40031,0.32273315113973183
2186,40033,0.19094644864213764
2187,40035,0.22979068785851814
2188,40037,0.28677129331042545
2189,40039,0.2984456924781768
2190,40041,0.22279751751940752
2191,40043,0.3016630941102406
2192,40045,0.3716974163151274
2193,40047,0.319467458301183
2194,40049,0.24209589091097994
2195,40051,0.3321529546047143
2196,40053,0.30208262396657914
2197,40055,0.19295958831248156
2198,40057,0.16213470757301815
2199,40059,0.3135970585128489
2200,40061,0.17400528976711482
2201,40063,0.24285949561352416
2202,40065,0.2422558555324615
2203,40067,0.22903010135637922
2204,40069,0.19405217685920492
2205,40071,0.2775929458778681
2206,40073,0.2710826876036076
2207,40075,0.3064167597486089
2208,40077,0.21793821486685333
2209,40079,0.47965542661277416
2210,40081,0.2874262427983784
2211,40083,0.22450280074840948
2212,40085,0.1551355008330969
2213,40087,0.17224869713122257
2214,40089,0.5583700931833416
2215,40091,0.1866756950686195
2216,40093,0.28823512050700234
2217,40095,0.11199938064036108
2218,40097,0.1978098363638198
2219,40099,0.12569597407967223
2220,40101,0.24461005184860582
2221,40103,0.22090208766487085
2222,40105,0.17076374253180848
2223,40107,0.18669682247145672
2224,40109,0.21393608112940807
2225,40111,0.21047420526451385
2226,40113,0.6779964662479291
2227,40115,0.14210291148295462
2228,40117,0.17142171022016678
2229,40119,0.2066561817517927
2230,40121,0.394013990112013
2231,40123,0.217443230000382
2232,40125,0.2377345913253024
2233,40127,0.4212924853752334
2234,40129,0.344418921051907
2235,40131,0.20391867398417365
2236,40133,0.19100379444983862
2237,40135,0.20320637868851973
2238,40137,0.2626558720719732
2239,40139,0.6160931759349559
2240,40141,0.2629244919080461
2241,40143,0.17211287811298348
2242,40145,0.16949006196076633
2243,40147,0.12539113583873562
2244,40149,0.30277681005980117
2245,40151,0.3882763911415127
2246,40153,0.37498121835610815
2247,41000,28.97110506872045
2248,41001,0.9260925395646716
2249,41003,0.2040122381967384
2250,41005,0.5645000582065326
2251,41007,0.2502239046024883
2252,41009,0.1984044218436665
2253,41011,0.48175609409487213
2254,41013,0.899149064546441
2255,41015,0.49120004316309707
2256,41017,0.9109502281312154
2257,41019,1.5199898697189544
2258,41021,0.3636358030325359
2259,41023,1.36680412634769
2260,41025,3.0583937801107246
2261,41027,0.1575349701553209
2262,41029,0.8401311738209473
2263,41031,0.5374781099777638
2264,41033,0.4948852658579844
2265,41035,1.7931279517985805
2266,41037,2.456507273483578
2267,41039,1.3742228629439497
2268,41041,0.29571422111136836
2269,41043,0.6912071294219848
2270,41045,2.984254705354612
2271,41047,0.3568508885213919
2272,41049,0.6131806125438287
2273,41051,0.130174983481157
2274,41053,0.22358526782519425
2275,41055,0.24860614918524046
2276,41057,0.3327807402890194
2277,41059,0.9705053585288549
2278,41061,0.6146897127464853
2279,41063,0.949583193319224
2280,41065,0.7187904629261419
2281,41067,0.21858712795399565
2282,41069,0.5175459145010757
2283,41071,0.21606089421474853
2284,42000,13.504243527480552
2285,42001,0.15654500042237812
2286,42003,0.22035277519110388
2287,42005,0.19714885047505623
2288,42007,0.13120418981936877
2289,42009,0.3055324270298521
2290,42011,0.2585118829154783
2291,42013,0.15869697731136642
2292,42015,0.34630831450563304
2293,42017,0.18239286869348012
2294,42019,0.23801528396299654
2295,42021,0.20775782489973202
2296,42023,0.11959015465972371
2297,42025,0.11513227266107615
2298,42027,0.3349960993865193
2299,42029,0.22651895861915866
2300,42031,0.18134253495243116
2301,42033,0.3454994367970091
2302,42035,0.26801015959099883
2303,42037,0.14581227978108452
2304,42039,0.3055324270298521
2305,42041,0.16463075930821214
2306,42043,0.15847061228096793
2307,42045,0.055486596251277304
2308,42047,0.24971382873399037
2309,42049,0.2411994853906019
2310,42051,0.23854045083352102
2311,42053,0.12893450311457327
2312,42055,0.23307147169909356
2313,42057,0.13206135873447772
2314,42059,0.173833252344012
2315,42061,0.26398388025031105
2316,42063,0.249614228120615
2317,42065,0.19691644904384709
2318,42067,0.11811727286193088
2319,42069,0.13855954420711697
2320,42071,0.2848607724538622
2321,42073,0.10810590211750709
2322,42075,0.10920754526544639
2323,42077,0.10417922339019467
2324,42079,0.2687194366862474
2325,42081,0.3708130835963706
2326,42083,0.29554218368826557
2327,42085,0.20299812286055316
2328,42087,0.12405709125958718
2329,42089,0.18359411245479476
2330,42091,0.14579115237824733
2331,42093,0.03930904207879872
2332,42095,0.11157381438321193
2333,42097,0.13834525197833974
2334,42099,0.16643866135099472
2335,42101,0.040474067435249596
2336,42103,0.16447984928794648
2337,42105,0.32636404622732357
2338,42107,0.23500613815889929
2339,42109,0.09921126552304918
2340,42111,0.3242663969456309
2341,42113,0.13580090903666073
2342,42115,0.24853069417510762
2343,42117,0.3422005437540018
2344,42119,0.09536909640708553
2345,42121,0.20351121692945637
2346,42123,0.2668511706353585
2347,42125,0.2586567565349333
2348,42127,0.21900062140952356
2349,42129,0.3101351826479547
2350,42131,0.11991913850390283
2351,42133,0.2728996442476061
2352,44000,0.3120245761016807
2353,44001,0.007291972179236617
2354,44003,0.05086573143074284
2355,44005,0.03090335395000154
2356,44007,0.12359530659757428
2357,44009,0.09937123014453078
2358,45000,9.072921692399758
2359,45001,0.14803669347980034
2360,45003,0.32325831801025634
2361,45005,0.12316974034042512
2362,45007,0.21593111159732004
2363,45009,0.11872694934380414
2364,45011,0.16551509202696887
2365,45013,0.1739328529573873
2366,45015,0.3316579697382429
2367,45017,0.11503870844851144
2368,45019,0.2764943209303341
2369,45021,0.11851265711502691
2370,45023,0.17525482473491447
2371,45025,0.24117835798776474
2372,45027,0.1831866554000775
2373,45029,0.31886985462093104
2374,45031,0.16936631574414848
2375,45033,0.12219787980991428
2376,45035,0.1730123018337668
2377,45037,0.15103376648227632
2378,45039,0.20713305741583216
2379,45041,0.2414439596234323
2380,45043,0.24554569397425285
2381,45045,0.23696495022194755
2382,45047,0.13724662703080576
2383,45049,0.16898904069348433
2384,45051,0.3422337439584603
2385,45053,0.1977887089609826
2386,45055,0.2192903686484336
2387,45057,0.165747493458178
2388,45059,0.21543914493125402
2389,45061,0.12380054422513558
2390,45063,0.2109450445277427
2391,45065,0.10839263115601185
2392,45067,0.14765941842913619
2393,45069,0.1447740188416568
2394,45071,0.1901586983363509
2395,45073,0.18903894598597973
2396,45075,0.33384314683168964
2397,45077,0.14982648632015105
2398,45079,0.22849889808504412
2399,45081,0.13665807795176968
2400,45083,0.24384946534646687
2401,45085,0.20073145435616296
2402,45087,0.1551868102399872
2403,45089,0.281948209062735
2404,45091,0.2054187195856143
2405,46000,22.881279092719666
2406,46003,0.21381837131360082
2407,46005,0.37990390321717393
2408,46007,0.3575692202178565
2409,46009,0.17013595684750335
2410,46011,0.23910485430931458
2411,46013,0.5170116930293353
2412,46015,0.24665940992381344
2413,46017,0.14227193070565217
2414,46019,0.6790649091914099
2415,46021,0.22143932733701657
2416,46023,0.33124447628271503
2417,46025,0.2890228708127891
2418,46027,0.12440720250660352
2419,46029,0.2078030979058117
2420,46031,0.7454019358997881
2421,46033,0.46993380310726046
2422,46035,0.1314607368538204
2423,46037,0.3102317650609247
2424,46039,0.18794032103844574
2425,46041,0.6949376251229519
2426,46043,0.13032589350142265
2427,46045,0.3398372928366416
2428,46047,0.5251427249212489
2429,46049,0.2963118247916204
2430,46051,0.20567828482047124
2431,46053,0.30633526833766545
2432,46055,0.5464542379831652
2433,46057,0.15309217915869988
2434,46059,0.4335976884276952
2435,46061,0.13114382581126252
2436,46063,0.8062760198745494
2437,46065,0.22381766925640337
2438,46067,0.24534951094790752
2439,46069,0.25972218127800883
2440,46071,0.5625653917467269
2441,46073,0.15882675992879491
2442,46075,0.2926688569024074
2443,46077,0.2511867105317832
2444,46079,0.17000919243048018
2445,46081,0.24146810522667478
2446,46083,0.17423467299791862
2447,46085,0.49557039734999053
2448,46087,0.1733050672730822
2449,46089,0.3430607308695161
2450,46091,0.25294632136808076
2451,46093,1.0476113242833904
2452,46095,0.3945723571869959
2453,46097,0.17213098731541535
2454,46099,0.24361404571485246
2455,46101,0.1567623108515607
2456,46103,0.838018433537228
2457,46105,0.8663683899443346
2458,46107,0.25990930970313825
2459,46109,0.33231593742660115
2460,46111,0.17183218547528936
2461,46113,0.6319809828685246
2462,46115,0.4539162135562635
2463,46117,0.4359579211446501
2464,46119,0.30387845320774054
2465,46121,0.4190952354801654
2466,46123,0.486669724354722
2467,46125,0.1862410742102544
2468,46127,0.1390002014662927
2469,46129,0.21387873532170712
2470,46135,0.15729653232330112
2471,46137,0.591950590892856
2472,47000,12.4455191893048
2473,47001,0.10176164486553882
2474,47003,0.14295404399725295
2475,47005,0.11895935077501325
2476,47007,0.12266871907314314
2477,47009,0.16862987484525208
2478,47011,0.09922635652507575
2479,47013,0.14493096526273308
2480,47015,0.08017547556673903
2481,47017,0.18086565928839166
2482,47019,0.10298099782928533
2483,47021,0.09128245305829148
2484,47023,0.0862420583814185
2485,47025,0.1311649532140997
2486,47027,0.0713925123872777
2487,47029,0.1311619350136944
2488,47031,0.1294687245863137
2489,47033,0.0801452935626859
2490,47035,0.20554850220304274
2491,47037,0.15212635502899965
2492,47039,0.10076262053138016
2493,47041,0.09185892933570632
2494,47043,0.14786163785629217
2495,47045,0.15463146136540962
2496,47047,0.21271974636606683
2497,47049,0.15049049040931994
2498,47051,0.1673712852762365
2499,47053,0.18191901122984597
2500,47055,0.18439091736179744
2501,47057,0.08469070337308754
2502,47059,0.18778337461736944
2503,47061,0.10881517921275569
2504,47063,0.04864735413283766
2505,47065,0.1637162445854022
2506,47067,0.06710666781173301
2507,47069,0.20154636846559748
2508,47071,0.1742467457995399
2509,47073,0.14698032333794073
2510,47075,0.16090328180765037
2511,47077,0.156967548479122
2512,47079,0.16965304478265325
2513,47081,0.18486477482543162
2514,47083,0.06045153591801746
2515,47085,0.16026040512131867
2516,47087,0.09305715489661563
2517,47089,0.08272283670882334
2518,47091,0.09008724569778748
2519,47093,0.1533909809988259
2520,47095,0.05003572631928172
2521,47097,0.14245604093037628
2522,47099,0.18626220161309162
2523,47101,0.08514041523347918
2524,47103,0.1721400419166313
2525,47105,0.06918318969058847
2526,47107,0.12982185403373533
2527,47109,0.16988242801345704
2528,47111,0.09270100724878867
2529,47113,0.16814998098080727
2530,47115,0.15035467139108086
2531,47117,0.11332135241788824
2532,47119,0.18505793965137166
2533,47121,0.05889112630847056
2534,47123,0.1918277631604891
2535,47125,0.16273532945367544
2536,47127,0.039001185637456776
2537,47129,0.15760438876464306
2538,47131,0.16441043067862426
2539,47133,0.13083295116951527
2540,47135,0.12517382540955307
2541,47137,0.04919063020579403
2542,47139,0.13119513521815285
2543,47141,0.12106001825711123
2544,47143,0.09518800438276673
2545,47145,0.10886950682005132
2546,47147,0.14375386710466095
2547,47149,0.18693526030347646
2548,47151,0.16065880757481998
2549,47153,0.08024187597565592
2550,47155,0.17882837401480528
2551,47157,0.23034000033228513
2552,47159,0.09485902053858761
2553,47161,0.13863499921724978
2554,47163,0.12476033195402517
2555,47165,0.15979862045930576
2556,47167,0.13834525197833974
2557,47169,0.03446483042827108
2558,47171,0.05618983694571527
2559,47173,0.0674718700607759
2560,47175,0.08252363548207267
2561,47177,0.1305914951370902
2562,47179,0.09853518863225905
2563,47181,0.22156609175403977
2564,47183,0.17516427872275508
2565,47185,0.11368655466693114
2566,47187,0.17584035561354525
2567,47189,0.17228793373649165
2568,48000,78.84496530026523
2569,48001,0.32071397506857735
2570,48003,0.45294435302575264
2571,48005,0.240785991935074
2572,48007,0.07607977761672906
2573,48009,0.27257669680423763
2574,48011,0.27438761704742554
2575,48013,0.3680816122295622
2576,48015,0.1951296744039017
2577,48017,0.24954480951129282
2578,48019,0.23872757925865043
2579,48021,0.26806146899788913
2580,48023,0.2618228487601068
2581,48025,0.2656740724772864
2582,48027,0.31721889899922473
2583,48029,0.3742025226515373
2584,48031,0.21406586374683653
2585,48033,0.27086537717442505
2586,48035,0.29668306344147394
2587,48037,0.26711375407062077
2588,48039,0.409781069029369
2589,48041,0.1767005427290595
2590,48043,1.8663736392347203
2591,48045,0.27163803647818524
2592,48047,0.28472495343562315
2593,48049,0.2850479008789916
2594,48051,0.19890846131135378
2595,48053,0.30008759349866715
2596,48055,0.16457039530010587
2597,48057,0.15297446934289266
2598,48059,0.2714478898526505
2599,48061,0.26889751051016086
2600,48063,0.059105418537247795
2601,48065,0.27774083769772845
2602,48067,0.2827933051762227
2603,48069,0.2699568988524258
2604,48071,0.18022881900287058
2605,48073,0.31778933887582894
2606,48075,0.2101904944264144
2607,48077,0.3285975145272554
2608,48079,0.2339558044178503
2609,48081,0.27509991234307946
2610,48083,0.3808818001484954
2611,48085,0.2539000726961597
2612,48087,0.27720359802558275
2613,48089,0.2898287303210077
2614,48091,0.1688622762764612
2615,48093,0.28303174300824246
2616,48095,0.29693055587470957
2617,48097,0.2640200986551748
2618,48099,0.31753581004178255
2619,48101,0.27180705570088276
2620,48103,0.23694985921992098
2621,48105,0.8473084543847819
2622,48107,0.2716984004862915
2623,48109,1.1507794505378053
2624,48111,0.45371399412910746
2625,48113,0.2629697649141258
2626,48115,0.2717316006907499
2627,48117,0.4517853640701123
2628,48119,0.07751644100965811
2629,48121,0.2651277782039247
2630,48123,0.2743483804421565
2631,48125,0.2721571669478991
2632,48127,0.40108261546125645
2633,48129,0.27975397736807234
2634,48131,0.5413082062921063
2635,48133,0.2796332493518598
2636,48135,0.2709408321845579
2637,48137,0.6392125910396549
2638,48139,0.2823496297166417
2639,48141,0.30565013684565934
2640,48143,0.3268922312982534
2641,48145,0.23103720462591248
2642,48147,0.2688733649069184
2643,48149,0.2867320567051564
2644,48151,0.27131810723522204
2645,48153,0.29944773501274075
2646,48155,0.21260203655025964
2647,48157,0.2600119285169189
2648,48159,0.08583460132670122
2649,48161,0.2649195223759581
2650,48163,0.34211301594224774
2651,48165,0.45344839249343993
2652,48167,0.11419663053542907
2653,48169,0.26964904241108384
2654,48171,0.3193889850906449
2655,48173,0.2717044368871021
2656,48175,0.2571536927330873
2657,48177,0.32194841903435045
2658,48179,0.2794763029307835
2659,48181,0.28153773380761243
2660,48183,0.08248741707720891
2661,48185,0.23767120911679082
2662,48187,0.21468459482992572
2663,48189,0.3032325583210035
2664,48191,0.2666549876090132
2665,48193,0.2522943900805331
2666,48195,0.2776170914811106
2667,48197,0.20979812837372372
2668,48199,0.26879187349597494
2669,48201,0.5141444026442877
2670,48203,0.2716229454761587
2671,48205,0.4412699538580013
2672,48207,0.2725827332050482
2673,48209,0.20462795107942225
2674,48211,0.2735364845331272
2675,48213,0.26371526041423815
2676,48215,0.4741200470694298
2677,48217,0.2894031640638585
2678,48219,0.274170306618243
2679,48221,0.12695758184909314
2680,48223,0.2315472804944104
2681,48225,0.37151330609040334
2682,48227,0.27187647431020495
2683,48229,1.379613368867839
2684,48231,0.2536254164592763
2685,48233,0.26784114036830126
2686,48235,0.3173818818211116
2687,48237,0.27485543811024904
2688,48239,0.2503416144182955
2689,48241,0.2833637450528269
2690,48243,0.683489590985599
2691,48245,0.264484901517593
2692,48247,0.3429098208492504
2693,48249,0.2610652804583732
2694,48251,0.21872596517264006
2695,48253,0.2802549986353543
2696,48255,0.22562858949959125
2697,48257,0.23563090564279912
2698,48259,0.1999406858499709
2699,48261,0.4401532197080354
2700,48263,0.2723956047799188
2701,48265,0.3330040871190126
2702,48267,0.37757385250427217
2703,48269,0.27491882031876064
2704,48271,0.41049336432502287
2705,48273,0.2659970199206549
2706,48275,0.2567341628767488
2707,48277,0.2738081225696054
2708,48279,0.3067034887871136
2709,48281,0.21514939769234395
2710,48283,0.44871283605750356
2711,48285,0.2926779115036233
2712,48287,0.18985084189500898
2713,48289,0.3238981764961828
2714,48291,0.34963437135228814
2715,48293,0.27323466449259587
2716,48295,0.28135060538248297
2717,48297,0.3138022961404102
2718,48299,0.28190897245746593
2719,48301,0.20189647971261382
2720,48303,0.27031002829984746
2721,48305,0.2691842395486656
2722,48307,0.3216194351901713
2723,48309,0.31301756403502873
2724,48311,0.34390280878259843
2725,48313,0.1406692662904309
2726,48315,0.11495721703756799
2727,48317,0.27614722788372315
2728,48319,0.28033045364548714
2729,48321,0.33208655419579736
2730,48323,0.38610630505009247
2731,48325,0.40002020891858614
2732,48327,0.2722507311604638
2733,48329,0.2717285824903446
2734,48331,0.3069298538175121
2735,48333,0.2258398635279632
2736,48335,0.27498522072767756
2737,48337,0.2809672939310082
2738,48339,0.3144180090230941
2739,48341,0.27154447226562056
2740,48343,0.07605563201348656
2741,48345,0.29866903930816996
2742,48347,0.2856847411645127
2743,48349,0.3047265675216335
2744,48351,0.28180333544327996
2745,48353,0.27525987696456106
2746,48355,0.25307006758469863
2747,48357,0.27695912379275234
2748,48359,0.45289002541845697
2749,48361,0.10070829292408452
2750,48363,0.28726929637730214
2751,48365,0.24198421749598334
2752,48367,0.2726883702192342
2753,48369,0.2658370552991733
2754,48371,1.4378254000851143
2755,48373,0.3190509466452498
2756,48375,0.27416427021743234
2757,48377,1.1635886930579542
2758,48379,0.06925260829991066
2759,48381,0.2751210397459166
2760,48383,0.35472909363645677
2761,48385,0.2110325723394968
2762,48387,0.31286061761395245
2763,48389,0.795410498415422
2764,48391,0.2325342320269478
2765,48393,0.2788998266533687
2766,48395,0.25826137228183726
2767,48397,0.0383432179490985
2768,48399,0.3171977715963875
2769,48401,0.2788907720521528
2770,48403,0.1483113497166838
2771,48405,0.16016382270834864
2772,48407,0.17180803987204685
2773,48409,0.20929710710644173
2774,48411,0.3426562920152041
2775,48413,0.39557439972155994
2776,48415,0.27327993749867563
2777,48417,0.27595104485737776
2778,48419,0.24012198784590513
2779,48421,0.27859197021202675
2780,48423,0.278112076347582
2781,48425,0.056277364757469354
2782,48427,0.36918023717709625
2783,48429,0.2706480667452425
2784,48431,0.2787157164286446
2785,48433,0.27656072133925097
2786,48435,0.4388252115296976
2787,48437,0.26866812727935707
2788,48439,0.26065480520325063
2789,48441,0.2763313381084472
2790,48443,0.7117007101740613
2791,48445,0.26826972482585576
2792,48447,0.27542587798685325
2793,48449,0.12255402745774124
2794,48451,0.4593610470874484
2795,48453,0.29886220413411
2796,48455,0.20934539831292673
2797,48457,0.2790326274712025
2798,48459,0.17594599262773122
2799,48461,0.3746552527123343
2800,48463,0.4684096119025773
2801,48465,0.9491485724608589
2802,48467,0.25430149335006635
2803,48469,0.2662475305542959
2804,48471,0.23667822118344278
2805,48473,0.15496346340999403
2806,48475,0.25220082586796844
2807,48477,0.18228421347888887
2808,48479,1.0145620298452112
2809,48481,0.3278218370230899
2810,48483,0.27602046346669995
2811,48485,0.18947658504475012
2812,48487,0.29301896814942374
2813,48489,0.1782398249357692
2814,48491,0.3375253513261717
2815,48493,0.24258182117623536
2816,48495,0.253863854291296
2817,48497,0.2729720810573336
2818,48499,0.19474334475202162
2819,48501,0.24136850461329948
2820,48503,0.2760053724646734
2821,48505,0.30134014666687214
2822,48507,0.3915843387857359
2823,49000,24.80043803884291
2824,49001,0.7816776865712471
2825,49003,1.734122133874708
2826,49005,0.35156300141128327
2827,49007,0.44623791172514676
2828,49009,0.21036253184951728
2829,49011,0.09017779170994686
2830,49013,0.9781836603599715
2831,49015,1.3468145850633009
2832,49017,1.5619549281544287
2833,49019,1.1081443516123513
2834,49021,0.9950040912187819
2835,49023,1.0238580870935758
2836,49025,1.2043313803292768
2837,49027,1.9836910889892434
2838,49029,0.18386876869167829
2839,49031,0.22871620851422664
2840,49033,0.3105064212978082
2841,49035,0.22403497968558592
2842,49037,2.360229698754493
2843,49039,0.47993913745087363
2844,49041,0.5766513330383235
2845,49043,0.5649195880628712
2846,49045,2.095038538342057
2847,49047,1.352060217367735
2848,49049,0.6046813602024669
2849,49051,0.35478945764456304
2850,49053,0.7323240735435662
2851,49055,0.7426825373346009
2852,49057,0.17387248894928106
2853,50000,2.7817726947633674
2854,50001,0.23129375166036412
2855,50003,0.2037224909578283
2856,50005,0.1958389514991503
2857,50007,0.16195059734829403
2858,50009,0.20028777889658192
2859,50011,0.19126637788510087
2860,50013,0.024691897515867037
2861,50015,0.1384750345957682
2862,50017,0.20735942244623065
2863,50019,0.20924277949914608
2864,50021,0.2806383100868291
2865,50023,0.20741978645433692
2866,50025,0.23702229602964847
2867,50027,0.29256623808862675
2868,51000,11.918900564385352
2869,51001,0.13566810821882697
2870,51003,0.21752170321092013
2871,51005,0.13444875525508043
2872,51007,0.10722760579956096
2873,51009,0.14304157180900703
2874,51011,0.10065396531678888
2875,51013,0.0078382664525983
2876,51015,0.2918599791937835
2877,51017,0.15971109264755165
2878,51019,0.22727652692089226
2879,51021,0.107970083099268
2880,51023,0.16334500593554874
2881,51025,0.17088145234761568
2882,51027,0.15174304357752488
2883,51029,0.17495300469438316
2884,51031,0.15207806382251465
2885,51033,0.15921308958067498
2886,51035,0.14327095503981083
2887,51036,0.05517873980993536
2888,51037,0.143446010663319
2889,51041,0.12776042315690644
2890,51043,0.05317465474080742
2891,51045,0.09945875795628485
2892,51047,0.11445921397069132
2893,51049,0.08977938925644552
2894,51051,0.09976057799681617
2895,51053,0.15203279081643498
2896,51057,0.07760396882141221
2897,51059,0.11800258124652899
2898,51061,0.19541338524200116
2899,51063,0.1148183798189236
2900,51065,0.08632354979236195
2901,51067,0.20838561058403712
2902,51069,0.12480258675969955
2903,51071,0.10738153402023193
2904,51073,0.06573942302812615
2905,51075,0.08493819580632321
2906,51077,0.13345878552213772
2907,51079,0.047159381333018266
2908,51081,0.0891063305660607
2909,51083,0.24684050194813223
2910,51085,0.14141476179054324
2911,51087,0.07053534347216876
2912,51089,0.1153948560963384
2913,51091,0.12530360802698154
2914,51093,0.09525742299208893
2915,51095,0.04299124657328078
2916,51097,0.09511556757303921
2917,51099,0.05421895208104577
2918,51101,0.08268058190314896
2919,51103,0.04021752040079798
2920,51105,0.13144866405219913
2921,51107,0.15560634009632573
2922,51109,0.1497932861156926
2923,51111,0.1302896750965589
2924,51113,0.09678765059758271
2925,51115,0.025935396082856065
2926,51117,0.18878541715193342
2927,51119,0.03933016948163591
2928,51121,0.11680737388602495
2929,51125,0.1421149842845759
2930,51127,0.06330071710063309
2931,51131,0.06386813877683198
2932,51133,0.05773817375364093
2933,51135,0.09488920254264072
2934,51137,0.10285423341226217
2935,51139,0.09382377779956519
2936,51141,0.14580926158067922
2937,51143,0.29244551007241426
2938,51145,0.0785396109470593
2939,51147,0.10562494138433966
2940,51149,0.08003060194728401
2941,51153,0.101532261634735
2942,51155,0.09654015816434704
2943,51157,0.0803535493906525
2944,51159,0.05779551956134188
2945,51161,0.07561195655390551
2946,51163,0.18035558341989372
2947,51165,0.2562723782147359
2948,51167,0.14300837160454857
2949,51169,0.16163368630573613
2950,51171,0.1535600002215234
2951,51173,0.13609971087678674
2952,51175,0.18083547728433852
2953,51177,0.12118074627332374
2954,51179,0.081177518101303
2955,51181,0.08419270030621086
2956,51183,0.1479582202692622
2957,51185,0.1565993280296738
2958,51187,0.06442952405222022
2959,51191,0.16931500633725818
2960,51193,0.06923148089707347
2961,51195,0.12169082214182167
2962,51197,0.13938653111817279
2963,51199,0.03162470384687139
2964,51510,0.004536355209185693
2965,51515,0.00207652187885546
2966,51520,0.003926678727312433
2967,51530,0.0020221942715598234
2968,51540,0.003090637215040685
2969,51550,0.10286026981307281
2970,51560,0.0
2971,51570,0.002269686704795503
2972,51580,0.0016509556217063036
2973,51590,0.012957134340009436
2974,51595,0.0020795400792607737
2975,51600,0.0018833570529154177
2976,51610,0.0006036400810626338
2977,51620,0.002477942532762112
2978,51630,0.0031510012231469485
2979,51640,0.0024869971339780516
2980,51650,0.015516568283715003
2981,51660,0.005257705106055542
2982,51670,0.0031027100166619377
2983,51678,0.0007545501013282923
2984,51680,0.014828418591303601
2985,51683,0.0029819820004494116
2986,51685,0.0007636047025442317
2987,51690,0.0033079476442232337
2988,51700,0.020738054984906783
2989,51710,0.01633450059355487
2990,51720,0.0022576139031742506
2991,51730,0.0069207335293830965
2992,51735,0.004623883020939776
2993,51740,0.010156244363878814
2994,51750,0.0029789638000440976
2995,51760,0.018051856624178065
2996,51770,0.012845460925012849
2997,51775,0.004358281385272216
2998,51780,0.0
2999,51790,0.0060303644098157125
3000,51800,0.1207793256194171
3001,51810,0.07515922649310854
3002,51820,0.004539373409591006
3003,51830,0.0027224167655924784
3004,51840,0.002785798974104055
3005,53000,20.057607739929743
3006,53001,0.5809975416219745
3007,53003,0.19202092798642914
3008,53005,0.5132087605186407
3009,53007,0.8814744829729271
3010,53009,0.5246628310568041
3011,53011,0.18984480549419835
3012,53013,0.2621699418067178
3013,53015,0.3441140828109704
3014,53017,0.5490891269370036
3015,53019,0.6649578404969761
3016,53021,0.37491179974678596
3017,53023,0.21450048460520163
3018,53025,0.8087298168040691
3019,53027,0.5740707716917807
3020,53029,0.06291438744875301
3021,53031,0.5443928071063363
3022,53033,0.6385214231468382
3023,53035,0.1192008068074383
3024,53037,0.6933621245113785
3025,53039,0.5647988600466587
3026,53041,0.7252131933886483
3027,53043,0.6973521854472023
3028,53045,0.2895721832865561
3029,53047,1.5899819371181667
3030,53049,0.28149547900193805
3031,53051,0.4225450385434384
3032,53053,0.5038915758674389
3033,53055,0.052492541449206634
3034,53057,0.5225108541678158
3035,53059,0.4997174047068908
3036,53061,0.6299799159998019
3037,53063,0.5323471692887315
3038,53065,0.7478406418272812
3039,53067,0.21790199646198957
3040,53069,0.07949336227513824
3041,53071,0.3833506880800416
3042,53073,0.6358925705938104
3043,53075,0.6516566313107611
3044,53077,1.2964378020982186
3045,54000,7.255213516500308
3046,54001,0.10293874302361095
3047,54003,0.0969264878162271
3048,54005,0.1513748231280767
3049,54007,0.154172694903802
3050,54009,0.02692536581579878
3051,54011,0.08481746779011068
3052,54013,0.08428324631837025
3053,54015,0.10319227185765725
3054,54017,0.09649790335867266
3055,54019,0.1996690478134927
3056,54021,0.10216608371985078
3057,54023,0.14407983274843475
3058,54025,0.3077266587245148
3059,54027,0.19324028095017565
3060,54029,0.02493335354829209
3061,54031,0.17575282780179113
3062,54033,0.12556015506143314
3063,54035,0.14015013582071703
3064,54037,0.06327355329698528
3065,54039,0.27211793034263004
3066,54041,0.11617053360050388
3067,54043,0.13190743051380674
3068,54045,0.13694782519067975
3069,54047,0.16100891882183632
3070,54049,0.09318391931363879
3071,54051,0.09218489497948013
3072,54053,0.13000898245886477
3073,54055,0.12645957878221648
3074,54057,0.09894566388738162
3075,54059,0.1277030773492055
3076,54061,0.10867332379370596
3077,54063,0.14268542416118007
3078,54065,0.06913791668450876
3079,54067,0.19522323861646643
3080,54069,0.031938596689023956
3081,54071,0.21008183921182313
3082,54073,0.03926678727312433
3083,54075,0.2837953477107867
3084,54077,0.19582386049712372
3085,54079,0.10433013341046032
3086,54081,0.1827067615356327
3087,54083,0.31379625973959957
3088,54085,0.13641964011974994
3089,54087,0.1459480987993236
3090,54089,0.1087940518099185
3091,54091,0.05214544840259563
3092,54093,0.12643845137937929
3093,54095,0.07735345818777122
3094,54097,0.10703745917402623
3095,54099,0.15271490410803573
3096,54101,0.167048337832868
3097,54103,0.10806968371264333
3098,54105,0.07017617762393649
3099,54107,0.11054460804500013
3100,54109,0.15074401924336622
3101,55000,16.345909391086956
3102,55001,0.19487010916904476
3103,55003,0.3154140151568474
3104,55005,0.26038316716677246
3105,55007,0.44604776509961197
3106,55009,0.1598770936698439
3107,55011,0.2027144120224537
3108,55013,0.24805080031066282
3109,55015,0.0960512096986863
3110,55017,0.30434627427056404
3111,55019,0.3651479214355978
3112,55021,0.23105229562793902
3113,55023,0.1722366243296013
3114,55025,0.3613510253257139
3115,55027,0.26428268209043704
3116,55029,0.14547122313528413
3117,55031,0.3936155876585117
3118,55033,0.2565802346560778
3119,55035,0.19255514945816957
3120,55037,0.14734854378738893
3121,55039,0.21717461016430908
3122,55041,0.30606664850159254
3123,55043,0.3461423134833408
3124,55045,0.17625083086866783
3125,55047,0.10546799496326338
3126,55049,0.23016192650837167
3127,55051,0.22883090012962853
3128,55053,0.29811369043359237
3129,55055,0.16795379795446194
3130,55057,0.23147484368468288
3131,55059,0.0820920328241129
3132,55061,0.10337940028278667
3133,55063,0.13632909410759053
3134,55065,0.1912301594802371
3135,55067,0.26277660008818576
3136,55069,0.2652907610258116
3137,55071,0.1777961494761882
3138,55073,0.466305926220074
3139,55075,0.4223518737174983
3140,55077,0.13750921046606798
3141,55078,0.10793386469440425
3142,55079,0.0728593577842599
3143,55081,0.2718734561097996
3144,55083,0.30121338224984895
3145,55085,0.3359166505101398
3146,55087,0.19241631223952516
3147,55089,0.07034821504703935
3148,55091,0.07001621300245489
3149,55093,0.1731692482548431
3150,55095,0.27585144424400243
3151,55097,0.2416612700526148
3152,55099,0.37859702244167337
3153,55101,0.10035516347666287
3154,55103,0.1769118167574314
3155,55105,0.21674904390715993
3156,55107,0.27573977082900586
3157,55109,0.21801366987698617
3158,55111,0.25078227167747125
3159,55113,0.3794813551604301
3160,55115,0.26954340539689786
3161,55117,0.1543115321224464
3162,55119,0.2942383211131702
3163,55121,0.22122503510823938
3164,55123,0.23891470768377987
3165,55125,0.2585390467191261
3166,55127,0.16754935910014995
3167,55129,0.24058377250791804
3168,55131,0.1299938914568382
3169,55133,0.16587123967479586
3170,55135,0.22567386250567098
3171,55137,0.18898461837868408
3172,55139,0.1311377894104519
3173,55141,0.23937951054619808
3174,56000,29.30465545011283
3175,56001,1.2899305620243635
3176,56003,0.9468396491507943
3177,56005,1.449554126860161
3178,56007,2.383647915699318
3179,56009,1.2842080540558898
3180,56011,0.8615181418929962
3181,56013,2.7718579064319133
3182,56015,0.6716672999979874
3183,56017,0.6048745250284069
3184,56019,1.2538057213731701
3185,56021,0.8106614650634694
3186,56023,1.230257721810917
3187,56025,1.6118246534514185
3188,56027,0.7925914992368595
3189,56029,2.0952588669716445
3190,56031,0.629056346675776
3191,56033,0.7617907641006385
3192,56035,1.4748557008579013
3193,56037,3.1469719256058553
3194,56039,1.205885753538013
3195,56041,0.6281659775562087
3196,56043,0.6756392517313795
3197,56045,0.7237916209977459
